date1,date2,date3,date 4,date 5,date 6,date 7
03-06-2011,01/17/1967,2/28/2013,04-Jun-10,15-01-2011,06-10-2018,June 05 2018
8/19/10,04/22/1966,6/15/2014,08-Jul-17,16-04-2003,04-02-2015,October 07 2013
3/14/10,09/30/1965,5/28/2012,09-Mar-13,16-05-2009,06-04-2017,January 01 1970
09-04-2010,05/25/1966,08-10-2014,10-May-13,14-03-2011,07-12-2012,January 01 1970
8/18/10,04-09-1966,12/28/2014,04-May-13,15-04-2002,10-03-2013,March 05 2014
7/23/10,03-12-1966,09-08-2014,06-Sep-18,12-11-2003,01-02-2014,February 01 2017
05-03-2010,12-05-1965,10-04-2012,03-Sep-12,12-10-2012,06-06-2017,August 01 2011
01-06-2008,03-01-1965,04-11-2010,05-Mar-12,70-01-1,01-09-2015,August 11 2010
10/31/10,08-07-1966,4/18/2012,02-Jun-15,18-04-2010,09-09-2011,January 01 1970
11/27/10,10/16/1966,06-01-2013,08-Feb-14,10-05-2012,09-08-2010,January 01 1970
12/28/10,01-02-1967,03-10-2014,01-Jan-70,12-11-2002,09-11-2012,May 07 2018
09-11-2010,05/25/1966,2/25/2014,05-Apr-15,11-02-2006,11-03-2011,November 11 2014
10-08-2011,12/24/1967,10/31/2111,07-May-17,13-05-2012,07-07-2010,February 10 2013
05-07-2013,06/15/1968,11/13/2010,02-Jan-13,12-01-2008,11-07-2014,June 04 2018
12/16/11,02-03-1968,6/30/2010,07-Dec-13,19-06-2003,09-12-2010,March 03 2012
7/18/11,11-07-1967,09-02-2011,01-Jan-70,18-05-2001,10-05-2011,June 01 2013
4/14/09,06/24/1965,04-02-2012,02-Jul-13,70-01-1,02-09-2018,October 09 2014
3/15/11,02/13/1967,10/31/2143,05-Sep-14,13-09-2009,01-01-1970,July 02 2013
1/28/08,03-03-1965,1/26/2015,05-Feb-17,70-01-1,09-03-2015,May 06 2018
8/28/10,05-09-1966,10/31/2120,06-Apr-13,16-09-2009,06-10-2015,January 01 1970
09-01-2012,05-02-1968,10/31/2094,02-Jan-15,12-04-2001,01-08-2014,January 01 2016
10/25/10,08-01-1966,09-05-2012,02-Nov-16,10-09-2008,11-03-2015,January 01 1970
4/14/09,06/23/1965,9/26/2015,01-Jan-70,70-01-1,12-08-2010,May 01 2013
8/14/07,02-04-1965,4/25/2010,06-Aug-11,34-07-10,07-06-2015,August 03 2017
2/18/11,01-11-1967,12/31/2010,06-Oct-11,11-11-2003,01-01-1970,July 10 2022
12/25/12,05/19/1968,1/25/2012,08-Feb-15,14-02-2010,01-01-1970,May 09 2016
06-02-2011,09-08-1967,12-02-2011,03-Jul-13,18-05-2007,12-08-2015,November 01 2012
7/21/08,04-11-1965,6/23/2016,12-Nov-17,70-01-1,01-01-1970,September 09 2012
01-11-2011,01-03-1967,6/28/2013,06-Mar-10,16-02-2012,05-01-2013,August 03 2017
5/24/10,01/28/1966,10/31/2181,06-Mar-15,18-08-2004,06-02-2016,August 01 2018
8/21/10,04/23/1966,11/23/2013,11-May-14,11-10-2009,01-11-2011,March 07 2015
7/19/11,11-11-1967,8/19/2016,04-Feb-15,15-02-2007,11-06-2018,July 11 2015
12-02-2011,01/20/1968,7/19/2010,01-Jan-70,12-01-2007,08-05-2015,January 08 2017
09-05-2007,02-05-1965,10/31/2041,01-Jan-70,70-01-1,10-09-2015,August 08 2017
9/27/10,06-09-1966,08-12-2010,10-Apr-14,16-03-2010,05-07-2017,June 07 2015
6/23/13,07/22/1968,10/31/2130,05-Nov-14,16-05-2011,01-01-1970,June 11 2012
07-06-2011,10-12-1967,6/16/2010,09-Jan-11,11-08-2004,09-11-2014,September 12 2015
9/29/10,06/15/1966,03-09-2014,10-Jul-35,14-11-2011,07-10-2029,March 12 2017
5/30/10,02-05-1966,01-08-2012,10-Jul-21,13-04-2005,03-07-2016,September 08 2017
02-08-2010,09/17/1965,6/25/2017,03-Jun-18,15-01-2011,10-07-2015,April 03 2011
11/20/10,09-12-1966,7/30/2012,06-Nov-16,16-11-2006,03-02-2014,October 06 2011
6/14/12,04-01-1968,9/29/2014,09-May-14,15-05-2008,06-07-2018,February 11 2014
11-04-2010,08/18/1966,11-08-2015,11-Feb-12,11-01-2011,05-08-2017,May 08 2017
4/21/11,04-01-1967,10/31/2194,05-Mar-14,15-02-2005,07-03-2013,July 04 2013
11-04-2010,08/17/1966,10/31/2201,10-Feb-17,13-03-2008,01-02-2017,May 04 2016
12/23/11,02-06-1968,7/22/2012,04-Jul-11,13-01-2006,01-01-1970,January 01 1970
09-07-2009,07/25/1965,02-09-2015,12-Dec-11,11-08-2001,01-01-1970,September 07 2011
4/29/11,06-01-1967,10/31/2185,05-Aug-15,17-01-2006,01-01-1970,June 01 2013
5/18/11,08-12-1967,10/31/2116,06-May-10,11-05-2002,03-11-2014,July 10 2034
5/17/11,07/30/1967,11-07-2015,04-Aug-18,16-05-2002,03-04-2017,November 06 2012
5/19/11,08/18/1967,02-12-2013,02-Oct-13,12-03-2003,03-09-2011,May 06 2011
4/16/10,11/16/1965,07-01-2012,02-Jul-12,14-09-2005,03-10-2018,May 02 2014
5/30/10,02-09-1966,01-07-2014,11-Feb-14,12-10-2006,04-06-2015,January 01 1970
3/13/11,02-09-1967,10/15/2011,02-Feb-18,12-02-2011,01-06-2013,January 01 1970
5/31/13,07-02-1968,09-10-2016,04-Aug-11,14-07-2008,01-01-2014,October 07 2013
4/17/13,06-01-1968,8/31/2010,10-Jul-31,15-07-2002,01-06-2013,February 05 2012
10/15/11,12/27/1967,02-01-2011,01-Jan-70,15-09-2012,10-07-2011,January 09 2015
10/19/08,05/26/1965,10/31/2198,02-Apr-15,70-01-1,02-05-2012,January 07 2014
9/15/09,07/29/1965,1/16/2016,06-Apr-13,16-06-2001,07-10-2016,July 06 2015
1/24/13,05/24/1968,2/16/2017,08-Oct-11,15-10-2009,02-06-2010,January 07 2015
1/18/13,05/24/1968,05-04-2012,07-Sep-11,10-06-2004,07-11-2010,November 07 2016
7/17/11,11-04-1967,10/31/2167,07-Jan-16,14-01-2010,04-02-2013,December 12 2012
04-01-2010,11-03-1965,8/17/2014,09-Oct-15,17-09-2001,07-09-2015,March 08 2013
09-04-2007,02-04-1965,11/21/2015,04-Mar-17,70-01-1,01-01-1970,February 06 2010
4/16/11,03/27/1967,09-09-2012,02-May-16,15-04-2007,05-08-2015,February 05 2017
05-11-2011,07-04-1967,11/21/2012,01-Jan-70,14-03-2011,06-12-2014,May 11 2014
5/17/11,07/29/1967,8/16/2014,06-Jun-12,15-08-2011,01-07-2011,April 06 2013
3/26/11,02/20/1967,08-07-2012,09-Aug-12,10-09-2009,04-06-2014,July 10 2016
3/15/10,10-03-1965,10/31/2073,09-May-12,17-09-2008,06-02-2018,January 08 2012
05-03-2010,12-04-1965,06-10-2014,09-Aug-10,18-04-2001,02-11-2015,December 04 2012
05-02-2010,11/28/1965,11-07-2010,12-Feb-16,13-12-2003,12-07-2016,January 01 1970
11-04-2010,08/20/1966,04-11-2013,06-Jun-15,15-04-2010,06-10-2017,June 12 2015
08-06-2008,04/18/1965,4/27/2015,03-Jun-19,70-01-1,06-06-2017,September 11 2012
7/20/10,03-06-1966,11-03-2013,01-Jan-70,11-01-2002,09-02-2015,March 07 2012
5/19/11,08/16/1967,10/31/2086,07-Nov-16,16-04-2012,01-01-1970,April 05 2012
11-02-2012,05/16/1968,3/19/2016,05-Dec-16,12-06-2011,07-09-2015,December 01 2018
5/27/13,06/25/1968,11/24/2013,06-Dec-12,19-07-2003,12-08-2015,May 10 2011
03-10-2011,01/28/1967,2/23/2015,03-Jul-13,18-02-2002,09-07-2010,July 09 2011
11/25/10,09/28/1966,02-05-2016,03-Sep-15,14-10-2006,03-05-2017,September 05 2014
10/31/10,08/16/1966,11/15/2013,02-Jan-16,16-10-2002,06-05-2018,January 01 1970
09-04-2010,05/23/1966,10/30/2010,10-Jul-36,15-01-2004,11-01-2012,January 01 1970
04-02-2010,11-05-1965,1/15/2015,01-Jan-70,19-01-2002,01-01-1970,January 01 1970
5/29/13,07-02-1968,10/31/2104,01-Jan-70,17-11-2006,01-01-1970,December 12 2011
9/30/10,06/23/1966,04-06-2010,03-Aug-11,14-04-2008,09-12-2013,December 10 2016
05-06-2013,06/13/1968,10/31/2064,01-Jan-70,12-09-2005,01-01-1970,January 02 2015
4/25/13,06-08-1968,06-01-2015,04-Nov-10,11-12-2003,05-09-2012,January 01 1970
03-12-2010,09/25/1965,5/26/2010,09-Jul-14,11-01-2012,05-05-2016,February 10 2017
9/21/09,08-01-1965,3/17/2016,01-Apr-12,13-03-2004,11-01-2012,January 01 1970
5/28/11,09-01-1967,08-06-2015,04-Dec-15,17-06-2007,11-02-2012,November 06 2016
07-07-2011,10-12-1967,8/26/2010,06-Jul-11,14-07-2010,02-10-2013,September 02 2014
05-10-2011,07-01-1967,02-05-2011,11-Nov-14,11-01-2002,04-01-2018,October 06 2018
1/21/10,08/20/1965,10/31/2166,01-Jan-70,13-11-2004,01-06-2017,July 10 2028
9/27/12,05/14/1968,05-05-2016,04-Jul-17,17-05-2003,08-06-2018,June 04 2013
6/24/13,07/25/1968,10-05-2015,02-May-14,11-07-2009,01-01-1970,August 06 2018
4/17/13,06-02-1968,9/21/2015,08-Feb-15,15-11-2005,09-11-2016,January 01 1970
05-03-2010,12-09-1965,5/19/2015,01-Jan-70,17-02-2003,09-05-2014,January 01 1970
4/15/13,05/30/1968,12-10-2012,07-Mar-14,11-05-2010,01-01-1970,September 04 2017
10/31/07,02/16/1965,04-08-2017,10-Feb-13,70-01-1,01-01-1970,January 01 1970
5/18/11,08/13/1967,02-09-2014,01-Jan-70,13-01-2007,03-09-2013,January 01 1970
3/16/08,03-06-1965,10/27/2012,08-Jan-12,70-01-1,01-01-1970,March 01 2015
12/29/12,05/19/1968,10/31/2159,04-Jul-12,15-04-2009,05-10-2015,December 08 2010
3/30/10,10/28/1965,3/26/2012,03-Aug-16,17-02-2001,04-05-2015,June 03 2015
11-07-2010,08/26/1966,10/31/2025,05-Mar-16,10-09-2004,01-01-1970,March 09 2011
10/25/11,12/27/1967,10/31/2139,12-Oct-11,11-07-2004,03-11-2012,December 10 2012
05-10-2010,01/13/1966,02-06-2015,10-Feb-13,17-07-2004,01-01-1970,December 11 2017
12-11-2007,02/25/1965,10/31/2121,12-Oct-17,70-01-1,09-08-2012,March 02 2013
9/29/10,06/22/1966,01-03-2015,11-Feb-12,11-07-2004,01-01-1970,January 07 2012
7/22/11,11/17/1967,8/13/2011,02-Jun-18,12-06-2010,07-03-2017,February 10 2014
5/22/13,06/20/1968,10/31/2103,08-Oct-10,12-10-2008,09-09-2016,January 02 2018
6/27/07,01/16/1965,11-04-2016,08-Nov-11,24-07-2010,12-01-2011,July 03 2013
4/21/11,04-01-1967,09-03-2012,06-Oct-14,14-02-2007,01-01-1970,July 02 2014
6/22/11,09/26/1967,09-04-2014,12-Apr-18,12-11-2001,01-02-2018,April 05 2014
03-11-2010,09/22/1965,1/14/2011,01-Jan-18,16-06-2010,04-06-2010,October 11 2011
1/30/11,01-05-1967,8/17/2016,07-Apr-15,10-05-2002,04-08-2013,December 09 2017
10/31/10,08/15/1966,2/20/2017,01-Feb-16,17-06-2001,01-01-1970,September 07 2015
11/30/10,11-12-1966,10-10-2014,05-Sep-12,13-03-2004,01-01-1970,April 07 2015
1/27/12,02/20/1968,10/31/2020,01-Feb-12,16-09-2011,10-12-2012,August 03 2016
2/16/11,01-07-1967,10/31/2024,07-Jan-14,15-01-2004,01-01-1970,January 02 2017
2/14/11,01-06-1967,10/31/2098,10-Dec-11,12-07-2012,11-07-2015,January 01 1970
3/18/10,10-10-1965,10/21/2010,08-Jun-12,11-03-2004,05-02-2016,March 11 2012
12-09-2010,12-02-1966,07-06-2017,04-May-14,15-09-2009,03-09-2012,October 02 2016
5/27/11,08/30/1967,2/23/2011,07-Mar-18,18-05-2001,01-01-1970,July 10 2029
10-12-2011,12/25/1967,2/22/2015,07-Apr-12,18-09-2006,06-11-2015,March 05 2012
5/18/11,07/30/1967,10/31/2150,01-Jul-13,17-07-2001,01-01-1970,January 01 1970
12/16/11,02-03-1968,10/31/2125,01-Jan-70,14-02-2008,09-10-2014,July 12 2015
7/26/10,03/17/1966,10/31/2106,12-Sep-10,15-01-2010,05-06-2010,January 01 1970
09-04-2010,05/20/1966,3/20/2011,11-Sep-13,12-09-2008,06-04-2013,January 02 2016
9/20/09,07/29/1965,04-06-2017,09-Mar-13,11-03-2003,06-08-2015,June 08 2017
7/22/11,11/19/1967,11/27/2015,09-Jan-15,12-06-2006,11-06-2016,September 01 2013
05-03-2011,06-10-1967,7/18/2017,05-Apr-15,16-08-2004,05-07-2012,February 10 2017
09-01-2011,12-10-1967,1/20/2010,01-Jan-70,13-01-2003,02-06-2012,May 04 2010
4/25/11,05-11-1967,05-09-2012,03-Apr-18,12-12-2010,01-01-1970,January 05 2015
05-08-2013,06/17/1968,10/31/2096,10-Jan-15,12-08-2001,03-05-2014,March 05 2016
04-06-2007,01-05-1965,1/29/2013,10-May-13,18-07-2010,07-06-2014,December 01 2011
07-04-2011,10-08-1967,08-05-2012,10-Jun-13,13-04-2008,06-03-2017,February 12 2016
5/27/10,02-03-1966,2/21/2012,11-Aug-10,15-07-2012,01-01-1970,June 10 2017
11/17/10,09-11-1966,04-10-2016,07-Feb-14,10-01-2010,03-01-2016,March 05 2012
10-12-2007,02-07-1965,04-05-2016,01-Jan-70,70-01-1,01-01-1970,July 07 2011
9/30/10,06/27/1966,11/25/2010,07-Feb-14,15-02-2011,03-02-2014,February 01 2013
1/25/10,09-04-1965,10/22/2010,12-Aug-11,13-02-2007,12-01-2014,October 03 2014
03-12-2011,02-07-1967,01-12-2014,07-Jan-12,12-04-2010,09-01-2017,September 04 2015
09-02-2012,05-02-1968,05-11-2015,10-Nov-12,17-07-2002,04-12-2013,January 01 1970
12-08-2011,01/29/1968,4/19/2011,01-Jan-70,14-10-2011,09-02-2014,April 03 2018
4/17/13,06-03-1968,10/26/2015,04-May-15,17-06-2004,01-01-1970,January 09 2010
10/31/11,12/31/1967,11/23/2013,10-Jul-18,12-07-2008,10-03-2014,January 01 1970
5/31/08,03/30/1965,10/31/2129,06-Jul-15,70-01-1,06-12-2012,January 01 1970
03-11-2010,09/22/1965,10/31/2191,02-Mar-14,15-06-2010,11-10-2011,December 02 2013
8/24/08,04/27/1965,9/19/2013,01-Feb-15,70-01-1,10-02-2016,October 05 2011
7/22/11,11/19/1967,5/18/2016,11-Aug-15,18-04-2002,03-03-2014,April 05 2012
1/18/11,01-05-1967,1/28/2010,01-Jan-70,14-12-2008,01-02-2016,April 12 2012
11-01-2007,02/17/1965,3/20/2016,05-Oct-11,70-01-1,06-08-2017,December 05 2015
3/29/10,10/18/1965,12/15/2016,01-Jan-70,15-05-2001,07-09-2014,January 01 1970
12-06-2011,01/29/1968,09-04-2013,01-Apr-14,17-04-2007,01-02-2011,July 04 2011
05-08-2009,07-03-1965,7/30/2017,04-Jun-15,12-11-2012,04-05-2014,August 10 2016
4/30/11,06-01-1967,10/31/2078,05-May-12,13-05-2007,01-10-2014,May 05 2015
4/16/11,03/26/1967,11/14/2011,01-Jan-70,13-07-2004,01-07-2014,June 07 2014
08-01-2011,11/27/1967,02-11-2015,01-Jan-70,16-01-2003,11-11-2014,September 12 2014
3/22/07,01-04-1965,08-10-2012,01-Apr-19,17-07-2010,05-02-2011,January 01 1970
03-07-2011,01/20/1967,7/23/2015,12-Sep-14,11-11-2008,03-02-2013,February 08 2011
5/18/11,08-09-1967,12-12-2012,07-Sep-15,15-12-2008,03-09-2011,January 01 1970
8/28/10,05/15/1966,10/31/2090,01-Jan-70,18-04-2011,04-11-2017,October 09 2015
7/17/11,11-04-1967,10/27/2016,03-Jul-17,10-11-2004,10-10-2011,November 09 2013
06-02-2011,09-09-1967,10/20/2015,01-Jan-18,18-01-2001,10-12-2017,June 10 2013
8/25/08,04/29/1965,2/29/2012,11-Apr-18,70-01-1,01-01-2014,January 01 1970
08-01-2010,03/27/1966,6/30/2015,07-Nov-14,14-06-2008,04-12-2016,March 07 2018
01-02-2011,01-02-1967,8/24/2014,01-Jan-70,13-01-2006,03-06-2015,January 01 1970
4/25/11,04/13/1967,6/21/2016,06-Apr-17,14-05-2009,06-10-2013,October 06 2014
3/15/11,02/14/1967,03-11-2015,09-Jan-15,17-04-2003,08-03-2017,September 03 2014
05-11-2011,07-06-1967,06-06-2010,01-Jan-70,14-05-2011,01-01-1970,January 01 1970
02-05-2008,03-03-1965,10/31/2178,06-Mar-12,70-01-1,03-10-2016,October 11 2014
11-08-2009,08-12-1965,5/28/2013,05-Apr-16,12-07-2009,11-10-2013,January 11 2012
05-03-2011,06/14/1967,12/15/2010,05-Apr-14,15-12-2004,01-01-1970,December 09 2013
4/27/11,05/27/1967,10/31/2102,04-Nov-13,17-05-2008,05-12-2014,July 06 2013
4/15/09,06/27/1965,3/31/2015,04-May-10,70-01-1,01-01-1970,January 01 1970
1/21/10,08/21/1965,10/31/2157,01-Jan-70,15-12-2003,09-04-2015,December 06 2016
5/28/13,06/26/1968,10-06-2015,01-Feb-17,15-01-2009,03-01-2013,July 10 2037
2/15/10,09/17/1965,10/31/2060,09-Feb-10,12-05-2007,05-08-2014,February 03 2013
11/27/10,10/17/1966,12-08-2010,01-Dec-18,17-03-2003,08-02-2016,September 09 2015
4/14/07,01-08-1965,3/15/2017,01-Jan-70,19-07-2010,01-01-1970,October 02 2013
5/21/11,08/22/1967,10/31/2016,09-May-15,15-07-2007,03-01-2015,September 02 2013
7/14/08,04-10-1965,7/14/2016,10-Jul-17,70-01-1,07-10-2026,June 04 2013
05-03-2011,06/21/1967,11/14/2011,04-Feb-12,12-02-2011,08-11-2010,December 12 2013
1/21/10,08/20/1965,06-06-2015,10-Mar-14,11-10-2007,01-01-1970,February 07 2014
05-03-2010,12/23/1965,10/31/2010,03-Oct-14,13-09-2011,01-05-2014,February 03 2017
08-11-2007,02-04-1965,12/14/2015,09-Mar-13,33-07-10,01-01-1970,March 04 2017
03-10-2009,06/15/1965,11/23/2013,02-Jan-11,70-01-1,04-02-2018,June 11 2015
11/18/11,01-07-1968,01-12-2017,12-May-15,13-02-2010,06-05-2014,June 03 2019
4/16/11,03/20/1967,07-10-2017,01-Jan-70,13-07-2003,03-09-2013,January 01 1970
04-11-2008,03/16/1965,4/24/2014,08-Dec-10,70-01-1,07-10-2020,January 01 1970
10/31/10,08-11-1966,9/15/2012,09-Oct-12,14-03-2007,08-09-2014,September 10 2014
8/26/08,05-03-1965,10/31/2034,12-Jun-14,70-01-1,01-01-1970,July 10 2021
7/15/11,11-04-1967,10/31/2110,04-Jun-14,13-03-2011,10-09-2013,September 11 2014
8/23/07,02-04-1965,10/31/2040,10-Jan-10,70-01-1,01-01-1970,February 07 2014
3/18/11,02/17/1967,7/13/2012,04-Feb-11,15-04-2006,04-07-2017,July 09 2015
6/17/13,07/19/1968,8/26/2016,01-Jan-70,17-08-2001,10-06-2014,April 11 2012
3/14/10,10-01-1965,09-03-2010,03-May-11,17-02-2001,04-01-2018,August 12 2017
4/25/08,03/21/1965,06-06-2017,11-Jul-15,70-01-1,02-01-2016,March 07 2016
10-12-2008,05/20/1965,2/14/2013,04-Aug-16,70-01-1,08-08-2017,April 06 2013
7/21/11,11/14/1967,10/31/2068,04-Apr-12,11-07-2004,07-08-2015,January 01 1970
8/23/12,04/26/1968,10/23/2014,12-Jun-15,10-06-2006,04-11-2011,November 04 2013
04-12-2011,03-11-1967,10/31/2134,08-Feb-12,10-05-2004,07-03-2019,September 03 2018
03-04-2008,03-05-1965,03-05-2013,06-Apr-15,70-01-1,01-01-1970,October 09 2011
03-10-2011,01/28/1967,12-05-2012,03-Aug-17,13-11-2009,09-12-2014,February 01 2012
9/20/10,06-06-1966,11-02-2014,03-Jul-17,15-09-2007,04-06-2015,March 08 2011
4/13/09,06/21/1965,08-01-2014,07-Jun-17,70-01-1,01-04-2015,September 05 2014
11/30/07,02/21/1965,7/22/2010,08-Jan-17,70-01-1,12-05-2016,July 09 2015
6/27/10,02/21/1966,2/15/2012,01-Jan-70,12-07-2012,04-01-2014,May 03 2011
11/20/10,09/25/1966,1/30/2014,03-Aug-17,12-04-2004,07-04-2017,January 08 2012
10/17/12,05/16/1968,01-03-2013,08-Jul-14,15-11-2007,03-12-2012,January 01 1970
4/20/09,06/28/1965,08-09-2010,01-Jan-70,14-02-2004,07-10-2022,January 01 1970
1/17/13,05/23/1968,10/31/2156,08-Mar-17,10-09-2008,04-08-2014,November 09 2017
06-07-2010,02/13/1966,11-10-2013,11-Nov-14,12-02-2004,03-03-2017,January 01 1970
07-12-2011,10/18/1967,7/20/2016,09-Sep-13,10-03-2009,04-03-2016,March 05 2017
05-03-2010,12-09-1965,10/26/2011,05-Nov-17,15-06-2008,08-04-2017,August 04 2018
02-06-2010,09/17/1965,8/23/2010,01-Jan-70,17-03-2012,04-07-2015,April 02 2018
07-11-2011,10/17/1967,11-04-2011,01-Jan-70,15-11-2003,06-06-2015,March 01 2019
05-03-2010,12-07-1965,10/31/2188,01-Mar-15,14-03-2008,07-06-2011,December 03 2013
01-11-2012,02/19/1968,09-12-2017,02-Jan-11,15-04-2010,08-06-2011,January 06 2010
9/26/10,06-07-1966,10/31/2061,01-Jan-70,15-08-2005,06-07-2017,March 03 2011
5/30/09,07-06-1965,8/18/2011,09-Mar-11,10-05-2006,04-06-2016,August 10 2013
07-06-2012,04-09-1968,11/21/2010,09-Sep-16,15-07-2008,04-10-2014,December 11 2014
8/20/07,02-04-1965,08-09-2014,12-Jan-11,70-01-1,04-07-2011,July 12 2013
5/15/12,03/26/1968,10/31/2182,07-Oct-11,16-06-2001,01-01-1970,April 06 2015
1/22/10,08/23/1965,10-08-2013,01-Nov-12,16-05-2004,07-03-2017,August 11 2015
6/23/13,07/22/1968,1/13/2017,09-Sep-12,18-06-2005,01-01-1970,May 02 2011
12/25/12,05/18/1968,12/27/2013,11-Apr-17,15-05-2012,04-02-2018,March 05 2012
03-02-2011,01-11-1967,11/23/2012,12-Jun-16,14-04-2010,12-08-2011,February 08 2015
3/13/10,09/26/1965,04-03-2013,04-Aug-17,10-07-2011,01-01-1970,January 01 1970
8/19/10,04/21/1966,10/31/2067,04-Jun-17,14-02-2010,07-10-1935,June 10 2012
10-07-2012,05/15/1968,07-07-2010,10-Oct-14,15-06-2004,09-01-2013,March 09 2015
11/16/10,09-08-1966,04-08-2011,01-Jan-70,12-03-2009,08-03-2011,July 04 2011
03-09-2011,01/28/1967,10/31/2190,08-Jul-18,14-05-2008,08-02-2017,November 10 2011
10/24/07,02-09-1965,10/31/2058,01-Jan-70,70-01-1,07-08-2014,January 01 1970
11-04-2010,08/20/1966,10/31/2174,12-May-18,12-12-2010,02-04-2012,June 08 2014
12/22/10,12/31/1966,01-06-2012,09-Dec-17,13-03-2009,01-01-1970,June 01 2012
12/17/08,06-12-1965,10/31/2152,01-Jul-15,70-01-1,01-05-2015,January 12 2011
04-08-2011,02/28/1967,3/26/2013,12-Jul-15,13-06-2010,07-10-2018,October 08 2010
12/22/10,12/29/1966,8/30/2013,12-Aug-17,16-12-2010,01-01-1970,October 12 2017
06-12-2011,09/19/1967,10/30/2014,12-Apr-12,17-11-2005,08-09-2012,August 11 2016
7/22/08,04-11-1965,10/15/2015,12-Feb-11,70-01-1,04-05-2011,June 09 2015
06-01-2013,07-05-1968,09-09-2013,03-Mar-12,15-11-2002,12-06-2017,January 05 2012
5/29/10,02-07-1966,08-02-2014,01-Jan-70,16-07-2006,01-01-1970,March 02 2014
03-09-2011,01/25/1967,1/21/2016,01-Jan-70,15-04-2011,01-01-1970,March 10 2016
4/29/08,03/22/1965,8/16/2010,09-Feb-11,70-01-1,11-11-2014,January 01 1970
10/16/08,05/24/1965,06-02-2016,01-Jan-70,70-01-1,07-10-2027,September 03 2012
07-03-2011,09/30/1967,12/23/2011,04-Feb-14,17-02-2006,06-01-2014,September 11 2013
6/26/13,07/27/1968,12-09-2010,08-Sep-10,17-02-2002,03-06-2010,January 01 1970
10/31/10,08-08-1966,2/25/2011,08-Sep-16,10-02-2006,12-12-2012,May 05 2016
10/30/12,05/16/1968,6/24/2016,07-Jan-15,14-04-2002,02-04-2011,July 01 2014
02-05-2010,09/13/1965,8/20/2016,01-Jun-13,14-06-2005,01-01-2018,June 06 2015
11/17/09,08/13/1965,09-01-2010,01-Jan-70,11-10-2005,09-11-2013,February 12 2015
06-10-2013,07-10-1968,10/31/2062,01-Mar-17,16-02-2011,01-09-2012,March 03 2014
3/13/12,02/26/1968,05-09-2016,02-Jul-11,13-02-2010,10-08-2011,February 07 2013
5/29/11,09-03-1967,5/22/2010,11-Sep-16,17-01-2002,01-01-1970,April 12 2013
03-06-2011,01/18/1967,04-07-2011,01-Jan-70,10-05-2004,11-07-2016,July 03 2017
8/21/07,02-04-1965,5/15/2016,01-Jun-14,70-01-1,03-07-2012,November 03 2011
2/15/12,02/21/1968,10/31/2136,01-Jan-70,11-04-2011,02-09-2010,January 07 2014
05-07-2013,06/15/1968,10/31/2022,11-Aug-15,13-04-2002,10-07-2013,January 01 1970
04-11-2011,03-09-1967,6/20/2017,01-Jan-70,18-11-2006,01-01-1970,February 04 2013
9/19/10,06-02-1966,7/24/2015,01-Jan-70,10-01-2006,06-04-2015,June 06 2010
12/20/08,06-12-1965,12-12-2011,01-Jan-70,70-01-1,05-09-2014,January 01 1970
04-11-2009,06/20/1965,12/20/2016,12-Jun-12,70-01-1,01-01-1970,April 02 2015
1/15/13,05/21/1968,4/15/2010,01-Jan-70,17-02-2009,01-01-1970,January 07 2015
8/28/10,05-11-1966,6/23/2017,07-Jun-15,15-06-2012,01-12-2011,April 01 2018
1/13/13,05/20/1968,10/31/2045,05-Oct-14,16-12-2006,03-01-2015,January 01 1970
04-12-2010,11/15/1965,09-01-2011,01-Jan-70,14-10-2002,01-01-1970,October 05 2011
08-06-2010,04-06-1966,2/18/2017,01-Feb-12,16-04-2008,07-10-2019,January 08 2016
05-03-2010,12/22/1965,4/26/2011,01-Jan-70,11-09-2009,01-08-2018,May 12 2010
9/23/10,06-06-1966,09-02-2010,03-Mar-15,18-01-2003,03-09-2015,September 08 2014
07-03-2011,10-07-1967,8/19/2013,10-Jun-12,15-02-2001,06-07-2014,January 07 2012
05-08-2011,06/28/1967,5/16/2010,08-Sep-17,17-07-2008,11-05-2017,November 07 2015
3/16/10,10-07-1965,5/20/2014,06-Dec-17,12-07-2002,07-10-2011,January 01 1970
8/25/10,05-02-1966,10/31/2087,05-Jan-14,12-03-2010,05-10-2013,October 07 2011
4/24/07,01-12-1965,10/31/2027,06-Apr-15,22-07-2010,08-04-2011,April 11 2015
10-12-2008,05/22/1965,7/13/2010,10-Apr-15,70-01-1,08-12-2010,June 08 2012
4/20/07,01-10-1965,2/22/2015,08-Jul-12,21-07-2010,05-09-2015,May 06 2010
12-08-2007,02/23/1965,10/31/2044,11-Mar-16,70-01-1,06-07-2019,January 02 2013
3/20/11,02/18/1967,03-03-2014,08-May-17,17-09-2006,01-01-1970,June 07 2018
07-01-2011,09/28/1967,10/31/2105,02-Jan-14,14-03-2003,02-04-2015,July 02 2011
10-12-2009,08-11-1965,04-05-2010,01-Jan-70,16-08-2001,03-01-2019,June 01 2014
10-04-2010,07-05-1966,03-02-2012,02-Aug-16,13-08-2007,06-01-2019,August 01 2017
3/15/12,02/27/1968,06-01-2010,02-Jul-17,12-04-2005,06-01-2016,March 10 2014
04-12-2012,03-07-1968,2/25/2014,11-Sep-10,18-08-2002,07-12-2015,March 01 2015
11-04-2010,08/17/1966,1/16/2013,10-Feb-14,17-06-2006,11-02-2016,September 08 2012
07-08-2007,02-01-1965,8/26/2013,10-Dec-16,29-07-2010,04-03-2015,November 12 2012
5/14/10,01/16/1966,05-04-2012,03-Dec-11,17-02-2012,12-10-2012,February 04 2012
02-04-2010,09/16/1965,3/28/2016,01-Jan-70,14-07-2002,06-01-2013,October 02 2018
09-02-2012,05-03-1968,4/18/2017,08-May-14,16-10-2009,04-10-2015,January 11 2011
12/19/07,03-01-1965,10/31/2017,09-Oct-15,70-01-1,06-12-2015,January 01 1970
4/25/11,05-05-1967,09-04-2012,03-Jul-19,16-11-2008,06-06-2010,February 03 2015
06-07-2013,07-10-1968,07-02-2015,08-Jul-14,17-06-2010,03-05-2012,January 09 2016
11-08-2009,08-12-1965,10/31/2081,10-Jul-16,12-09-2005,01-01-1970,January 01 1970
7/30/11,11/26/1967,01-08-2016,03-May-17,11-04-2006,02-10-2013,November 03 2012
3/18/13,05/28/1968,11-10-2014,06-Apr-10,13-11-2003,05-04-2010,March 12 2012
04-11-2008,03/17/1965,12/21/2012,03-Jul-17,70-01-1,03-07-2018,June 07 2018
05-05-2011,06/25/1967,09-07-2015,01-Jan-13,11-04-2010,01-01-1970,January 01 1970
12/23/10,01-01-1967,11/13/2013,04-Mar-17,13-06-2001,06-08-2016,January 05 2015
5/18/11,08-12-1967,7/25/2017,01-Jan-14,14-11-2011,02-12-2011,January 02 2013
12/18/09,08/17/1965,09-09-2010,09-Feb-11,11-10-2006,08-09-2012,December 03 2012
9/17/10,06-01-1966,10/31/2123,02-Aug-17,12-05-2008,01-01-1970,January 01 1970
12/15/11,02-01-1968,07-01-2015,05-Jun-14,16-05-2005,03-01-2017,January 11 2011
05-08-2009,07-06-1965,3/30/2013,09-Sep-11,17-08-2004,02-05-2012,August 01 2017
3/13/10,09/27/1965,10/31/2028,04-Mar-16,14-09-2005,01-01-1970,July 10 2025
12-11-2007,02/27/1965,07-05-2017,07-Mar-15,70-01-1,09-05-2014,November 02 2016
8/20/09,07/21/1965,08-01-2014,01-Feb-13,17-02-2007,02-10-2014,April 02 2014
03-11-2011,02-03-1967,10/31/2199,09-Apr-15,12-11-2001,01-01-1970,July 10 2024
3/16/11,02/15/1967,09-11-2013,02-Jan-19,14-10-2008,04-08-2011,January 07 2016
8/23/08,04/27/1965,10/31/2173,05-Aug-14,70-01-1,06-11-2012,April 06 2015
8/19/10,04/21/1966,11-04-2015,01-Jan-70,14-10-2010,01-10-2015,January 10 2014
4/27/11,05/27/1967,10/31/2142,07-Jan-15,18-12-2001,07-10-1932,November 12 2017
3/30/12,03-03-1968,1/24/2017,07-May-16,16-08-2003,02-08-2015,January 01 1970
7/31/09,07/17/1965,10/26/2011,08-Sep-14,16-11-2002,01-01-1970,April 08 2015
12/22/10,12/20/1966,7/17/2016,09-Feb-17,11-08-2012,03-02-2013,February 09 2011
1/16/13,05/21/1968,12/29/2011,10-Mar-16,14-09-2011,09-05-2016,January 01 1970
4/18/10,11/20/1965,7/13/2013,02-Jan-17,16-01-2002,03-02-2013,July 10 2012
6/18/09,07-07-1965,1/20/2016,10-Jul-24,17-06-2006,07-08-2017,July 07 2010
12/22/10,12/21/1966,3/20/2015,04-Dec-12,12-01-2011,07-04-2011,January 01 1970
05-05-2012,03/17/1968,8/19/2013,12-Nov-17,19-06-2004,10-02-2016,January 01 1970
05-08-2011,06/29/1967,2/25/2015,03-Dec-13,15-01-2007,02-09-2010,August 02 2017
7/16/10,03-03-1966,4/30/2016,08-Dec-15,18-06-2002,08-01-2018,July 03 2019
01-09-2011,01-03-1967,11/13/2014,02-Apr-13,17-02-2010,01-07-2014,June 01 2014
2/14/11,01-06-1967,09-08-2010,01-Jan-70,15-05-2009,01-01-1970,December 10 2011
5/21/07,01/15/1965,12/16/2015,10-Jul-29,23-07-2010,05-09-2015,September 07 2010
4/25/10,11/22/1965,7/13/2013,10-Jun-15,14-09-2003,11-12-2017,January 01 1970
09-01-2009,07/25/1965,07-10-2013,01-Jan-70,11-07-2004,12-06-2016,August 04 2011
11/14/12,05/16/1968,10/31/2100,02-May-13,13-04-2007,01-05-2015,June 04 2017
08-08-2011,12-01-1967,2/16/2012,01-Jan-70,13-10-2010,08-03-2016,January 11 2012
6/13/13,07-12-1968,09-02-2013,04-Jul-11,13-09-2001,01-01-1970,June 01 2016
03-08-2011,01/24/1967,03-11-2011,02-Oct-16,16-01-2002,12-03-2012,September 09 2016
10-08-2007,02-06-1965,10/31/2099,10-Jun-16,70-01-1,12-04-2012,February 09 2011
03-11-2010,09/24/1965,11/21/2011,10-Nov-13,12-10-2007,01-01-1970,April 07 2011
01-07-2008,03-02-1965,8/15/2016,11-Sep-12,70-01-1,06-01-2013,April 08 2016
10/18/10,07/27/1966,10/31/2112,03-May-15,13-08-2009,07-10-1931,January 01 1970
06-07-2010,02/16/1966,6/22/2017,09-Nov-13,14-03-2010,01-03-2013,January 01 1970
7/22/11,11/21/1967,2/16/2014,11-Mar-13,17-08-2001,05-12-2013,December 10 2015
9/20/08,05/19/1965,05-04-2014,09-Jun-15,70-01-1,04-02-2018,June 08 2015
9/29/10,06/15/1966,02-09-2013,11-Dec-14,12-07-2008,10-03-2011,January 07 2013
1/15/13,05/20/1968,08-04-2016,06-Feb-16,16-05-2007,08-12-2017,March 06 2015
3/30/10,10/24/1965,6/17/2017,04-May-16,12-10-2008,02-06-2011,November 03 2017
05-03-2010,12/15/1965,4/18/2012,01-Jan-70,16-06-2012,12-03-2013,September 11 2012
7/30/10,03/24/1966,2/22/2012,08-Dec-15,15-05-2005,10-05-2014,October 07 2013
10/31/10,08/15/1966,09-07-2011,01-Jan-70,12-03-2010,08-10-2016,January 08 2018
3/21/11,02/19/1967,10/31/2046,11-Sep-14,11-04-2005,02-07-2014,July 04 2013
06-03-2011,09-09-1967,10/31/2113,08-May-15,16-05-2012,01-01-1970,March 12 2010
5/18/11,08/13/1967,12-05-2016,04-Apr-12,11-07-2007,02-07-2014,January 01 1970
04-01-2008,03/13/1965,5/22/2014,02-Nov-12,70-01-1,06-04-2019,January 01 1970
1/21/10,08/23/1965,8/30/2015,06-Jun-15,11-01-2009,11-04-2010,January 01 1970
05-03-2011,06/19/1967,2/22/2017,03-Mar-17,15-07-2006,01-01-1970,January 01 1970
08-09-2010,04-08-1966,10-12-2014,10-Mar-12,15-04-2002,01-01-1970,January 01 1970
5/30/10,02-10-1966,1/21/2017,01-Jan-70,14-01-2011,02-10-2014,June 07 2017
6/13/10,02/17/1966,11/20/2011,04-Jan-15,15-03-2011,01-01-1970,November 05 2017
01-01-2008,03-01-1965,8/15/2013,05-Jan-15,70-01-1,06-02-2015,January 01 1970
7/13/11,11-01-1967,06-02-2011,01-Jan-70,11-03-2008,04-02-2014,December 06 2012
06-05-2011,09/15/1967,11/27/2010,07-Jan-14,12-01-2002,11-09-2013,January 11 2014
5/13/13,06/17/1968,1/18/2012,01-Sep-17,17-07-2003,05-05-2015,August 04 2016
4/23/11,04-10-1967,03-03-2014,09-Apr-15,13-05-2010,01-01-1970,January 01 1970
10/31/10,08-12-1966,6/16/2012,03-Dec-15,14-10-2010,02-11-2012,September 02 2013
3/24/08,03-07-1965,2/15/2013,12-Aug-15,70-01-1,11-04-2013,January 01 2018
7/29/10,03/20/1966,2/13/2013,07-Mar-16,12-06-2008,02-11-2014,March 01 2016
07-09-2008,04-06-1965,10/31/2050,03-Feb-10,70-01-1,11-05-2014,March 01 2017
05-03-2011,06/14/1967,12/17/2013,08-Jun-15,16-07-2009,10-02-2018,March 08 2017
12-09-2009,08/13/1965,10/31/2176,06-Feb-10,14-06-2007,02-01-2017,June 02 2015
01-10-2010,08/20/1965,10/18/2010,11-Dec-17,10-08-2009,03-08-2013,May 03 2015
05-02-2010,11/28/1965,7/14/2013,01-Jan-70,14-09-2010,04-03-2011,April 03 2017
12-02-2011,01/20/1968,08-02-2014,01-Apr-18,16-02-2001,04-02-2015,March 03 2015
05-06-2013,06/13/1968,12-05-2015,06-Dec-16,10-08-2012,01-05-2012,June 07 2014
9/20/09,07/29/1965,09-03-2011,11-Sep-11,15-08-2003,01-01-1970,May 06 2014
12/22/10,12/16/1966,4/19/2014,03-Nov-12,13-08-2010,04-09-2015,September 03 2015
11/25/12,05/16/1968,11/28/2016,05-Sep-14,15-07-2005,10-07-2017,May 05 2012
08-07-2010,04-07-1966,01-10-2014,01-Jan-70,12-01-2007,01-01-1970,June 12 2014
05-03-2010,12/26/1965,11/15/2014,11-Jan-15,13-02-2003,06-10-2011,September 09 2016
04-12-2010,11/13/1965,7/25/2015,10-Mar-18,15-10-2009,10-09-2014,January 01 1970
10-07-2010,07/19/1966,11/26/2015,02-Dec-13,15-04-2006,12-02-2013,May 07 2017
09-02-2012,05-08-1968,7/24/2012,06-May-14,11-08-2003,01-01-1970,March 02 2014
05-04-2011,06/23/1967,12/26/2014,01-Jan-70,14-03-2003,03-03-2012,March 10 2010
12/22/10,12/27/1966,9/22/2011,01-Dec-17,10-01-2009,08-11-2012,September 03 2015
04-12-2010,11/13/1965,10/31/2118,05-Apr-12,13-12-2007,05-12-2015,September 09 2011
5/24/12,03/27/1968,07-03-2015,01-Jan-70,17-03-2011,07-02-2013,April 09 2014
03-08-2012,02/24/1968,10/31/2052,01-Jan-70,17-04-2006,05-12-2016,May 04 2014
4/26/13,06-10-1968,10-12-2012,11-Apr-11,11-10-2010,01-01-1970,October 05 2014
4/27/10,11/22/1965,9/19/2014,03-Dec-15,17-10-2007,11-03-2015,January 01 1970
3/16/11,02/14/1967,10/31/2171,01-Jun-17,11-09-2010,12-10-2012,June 05 2014
08-02-2010,03/29/1966,4/24/2011,04-Jun-18,14-05-2012,08-04-2016,October 09 2012
08-03-2010,04-04-1966,5/27/2010,01-Jan-70,19-05-2006,02-03-2017,May 01 2012
11/27/10,10-12-1966,10/31/2084,07-Mar-12,12-07-2004,05-12-2018,March 12 2011
6/14/13,07-12-1968,11-06-2015,02-May-10,17-03-2004,09-02-2013,March 07 2012
11/27/10,10/26/1966,10/31/2131,08-Jun-16,12-09-2011,11-09-2013,June 06 2015
1/22/09,06/14/1965,08-10-2010,12-Mar-10,70-01-1,01-01-1970,September 01 2018
4/17/11,03/30/1967,5/14/2013,01-May-13,13-10-2007,02-09-2013,January 01 1970
7/21/10,03-07-1966,10/31/2148,10-Jul-34,16-06-2002,03-11-2017,April 11 2018
7/24/07,02-04-1965,07-10-2015,04-Sep-17,31-07-2010,07-04-2014,January 01 1970
4/18/10,11/18/1965,12/24/2010,01-Jan-70,15-02-2008,03-12-2010,February 06 2010
7/29/10,03/22/1966,9/29/2012,06-Jul-16,18-12-2002,02-06-2011,March 10 2018
6/21/10,02/17/1966,05-09-2014,01-Jan-70,16-12-2007,02-05-2015,June 04 2010
11-04-2010,08/21/1966,12/24/2012,07-May-12,14-05-2012,01-01-1970,January 06 2015
05-06-2013,06/14/1968,12/13/2010,01-Jan-70,15-09-2004,12-03-2011,June 11 2012
10-03-2010,07-04-1966,01-01-2013,11-Sep-16,15-10-2009,01-08-2017,May 04 2015
12/22/08,06-12-1965,8/24/2013,10-Mar-18,70-01-1,05-07-2013,August 04 2017
5/21/11,08/20/1967,03-02-2017,09-Oct-11,14-04-2005,07-06-2013,May 02 2011
8/18/08,04/26/1965,12-05-2010,01-Dec-14,70-01-1,11-07-2018,January 01 1970
8/19/10,04-10-1966,06-07-2013,10-Feb-17,13-07-2006,07-01-2014,February 06 2012
6/16/08,04-03-1965,06-05-2011,02-May-16,70-01-1,01-02-2016,January 01 1970
4/27/11,05/23/1967,3/27/2015,06-Jul-13,14-04-2009,01-11-2011,January 03 2018
1/25/10,09-02-1965,01-08-2017,05-Feb-14,11-10-2012,01-01-1970,July 06 2011
1/24/10,08/30/1965,02-06-2016,02-Jan-16,14-03-2003,01-01-1970,January 01 1970
10-06-2010,07-12-1966,4/25/2013,01-Jan-70,12-12-2012,09-02-2013,April 03 2016
7/18/10,03-06-1966,6/19/2013,04-Sep-15,12-03-2012,03-07-2015,December 12 2011
08-07-2008,04/19/1965,06-12-2016,04-Aug-11,70-01-1,05-03-2017,October 03 2011
8/19/10,04/16/1966,10/31/2074,09-Mar-15,15-01-2005,01-01-1970,January 01 1970
11/13/10,08/28/1966,4/28/2017,01-Jan-70,15-02-2007,05-03-2015,July 05 2016
3/30/10,10/24/1965,8/15/2013,08-Feb-11,15-09-2003,09-01-2011,December 08 2015
4/22/11,04-09-1967,07-01-2012,08-Feb-18,17-12-2006,06-01-2012,February 12 2017
03-11-2011,02-02-1967,12/14/2013,11-Feb-17,13-02-2010,07-04-2015,October 04 2017
05-02-2010,11/23/1965,01-12-2011,04-Nov-13,13-10-2009,05-07-2013,July 09 2016
8/19/07,02-04-1965,7/23/2013,11-Jan-12,70-01-1,02-09-2011,May 09 2015
2/16/11,01-07-1967,9/15/2014,06-Jan-19,16-01-2009,10-09-2016,December 10 2012
10/28/08,06-02-1965,01-05-2012,03-Apr-16,70-01-1,01-11-2015,April 08 2013
8/21/09,07/25/1965,4/14/2013,01-Mar-13,13-03-2009,12-05-2015,June 04 2019
1/25/10,08/30/1965,04-05-2013,11-Apr-16,13-11-2010,01-01-1970,April 07 2016
02-05-2010,09-12-1965,4/23/2014,11-Jul-10,14-11-2007,12-08-2015,May 12 2016
6/18/08,04-04-1965,3/30/2015,08-Apr-14,70-01-1,10-09-2011,February 01 2012
4/21/11,04-06-1967,6/14/2016,04-Mar-11,10-07-2007,03-08-2014,November 10 2013
05-11-2011,07-07-1967,1/27/2017,02-Apr-18,14-04-2006,01-02-2013,August 09 2014
10-03-2008,05/19/1965,03-08-2015,01-Jan-70,70-01-1,11-09-2012,May 09 2012
11/16/08,06-05-1965,04-02-2010,01-Jan-70,70-01-1,09-08-2016,February 02 2017
08-12-2012,04/20/1968,10/31/2149,02-Apr-15,19-04-2004,12-07-2013,April 08 2011
6/19/09,07-12-1965,10/31/2076,07-Mar-12,13-03-2009,04-11-2011,November 05 2016
9/20/09,07/30/1965,7/30/2012,12-Feb-14,13-10-2007,10-07-2012,July 02 2017
07-03-2011,10-04-1967,02-08-2016,10-Nov-15,12-09-2011,05-10-2011,January 01 1970
03-02-2011,01/16/1967,8/18/2013,08-Nov-16,14-09-2012,01-01-1970,July 06 2014
6/18/13,07/21/1968,01-06-2014,01-Jan-70,18-04-2003,09-11-2010,January 07 2019
07-12-2011,10/25/1967,5/13/2014,01-Jan-13,14-01-2002,04-01-2012,July 08 2017
4/18/13,06-08-1968,04-05-2010,10-Jul-13,15-01-2009,01-01-1970,January 01 1970
09-06-2008,05/15/1965,10/14/2016,02-Oct-18,70-01-1,05-02-2016,April 09 2012
7/13/10,02/28/1966,04-04-2012,02-Jan-16,15-07-2004,04-11-2015,November 11 2014
04-12-2011,03-11-1967,10/31/2195,01-Jan-70,14-06-2007,02-03-2014,January 01 1970
7/19/11,11-09-1967,10/31/2135,03-Apr-17,11-07-2006,06-06-2015,January 08 2014
10/19/10,08-01-1966,12-06-2014,09-Aug-12,12-02-2005,05-04-2010,April 10 2018
11/13/10,09-08-1966,02-05-2013,06-Feb-11,14-10-2006,07-10-2023,November 10 2012
08-08-2008,04/26/1965,9/16/2014,10-Jul-28,70-01-1,06-04-2018,February 11 2012
4/14/11,03/19/1967,2/20/2016,01-Jan-70,17-03-2004,01-06-2015,April 09 2015
4/25/11,04/20/1967,10/31/2141,09-Aug-13,16-10-2002,09-08-2011,January 04 2012
10-12-2008,05/19/1965,06-07-2011,05-Jul-15,70-01-1,09-08-2010,December 02 2018
03-07-2011,01/18/1967,11-02-2015,01-Sep-14,19-05-2004,03-03-2014,January 01 1970
04-08-2008,03/15/1965,10/31/2145,12-Feb-16,70-01-1,01-01-1970,April 01 2014
02-12-2009,06/15/1965,10/31/2077,05-Jun-18,70-01-1,07-04-2011,October 08 2014
12-01-2010,11/22/1966,05-02-2017,01-Jan-70,15-06-2003,11-04-2015,April 05 2015
07-04-2011,10-08-1967,4/20/2017,10-Mar-10,16-11-2005,04-03-2018,May 11 2016
3/30/10,10/25/1965,02-01-2016,01-Jan-70,12-08-2003,11-11-2013,January 01 1970
9/26/09,08-11-1965,07-04-2015,07-Apr-17,17-07-2008,01-01-1970,January 01 1970
4/16/11,03/27/1967,11-08-2010,06-Apr-15,17-08-2003,12-12-2012,January 01 1970
8/28/10,05/16/1966,4/19/2010,01-Jan-70,18-09-2001,01-09-2011,April 07 2015
7/17/08,04-10-1965,3/22/2012,05-Feb-15,70-01-1,06-01-2017,October 09 2013
4/29/13,06-12-1968,10/31/2187,08-Mar-11,13-03-2001,02-07-2017,January 01 1970
8/29/10,05/18/1966,2/13/2012,12-Sep-13,18-07-2008,12-06-2012,September 02 2015
5/18/11,08-10-1967,10/31/2109,12-Mar-12,13-07-2012,01-01-1970,July 10 2013
5/22/13,06/21/1968,04-03-2017,07-Oct-13,13-05-2001,05-07-2012,January 01 1970
1/16/11,01-03-1967,07-04-2013,07-Jan-15,11-09-2007,01-01-1970,February 01 2016
5/16/11,07/22/1967,01-03-2015,02-Jul-14,13-09-2011,04-06-2013,August 01 2012
9/29/10,06/21/1966,07-09-2015,10-Jul-12,16-06-2010,01-07-2012,October 07 2017
05-12-2008,03/24/1965,02-09-2015,07-Oct-13,70-01-1,01-01-1970,June 10 2018
7/14/11,11-04-1967,10/31/2117,05-Apr-12,11-11-2006,04-12-2015,January 01 1970
05-03-2011,06/17/1967,6/14/2011,11-Jan-11,13-05-2010,01-01-1970,August 04 2011
5/29/10,02-03-1966,10/30/2010,11-Aug-16,15-07-2005,03-10-2012,March 02 2014
07-01-2007,01/24/1965,07-04-2012,12-May-13,27-07-2010,01-01-1970,January 01 1970
08-11-2011,12-07-1967,06-02-2010,06-Jul-13,18-02-2008,09-01-2018,August 02 2016
05-03-2010,11/28/1965,06-07-2013,01-Dec-11,15-04-2008,07-07-2015,March 10 2012
5/13/12,03/26/1968,10/31/2014,04-Feb-10,12-05-2001,01-01-1970,April 10 2014
6/29/08,04-05-1965,10/16/2013,04-Sep-10,70-01-1,02-03-2010,February 10 2013
03-11-2011,01/31/1967,10/26/2012,09-Oct-14,15-05-2009,04-07-2013,April 06 2015
09-03-2007,02-04-1965,10/31/2183,04-Oct-17,70-01-1,12-09-2013,March 10 2018
10/17/10,07/22/1966,11-01-2011,04-Jul-11,11-08-2006,03-11-2016,February 11 2013
9/21/09,08-02-1965,01-04-2014,02-Jan-12,15-11-2004,02-06-2017,April 02 2018
6/20/11,09/20/1967,10/31/2180,09-Jul-15,12-06-2012,11-09-2015,November 06 2017
11/20/10,09/14/1966,06-07-2015,05-Jan-11,10-02-2009,06-01-2016,May 03 2013
4/14/10,11/16/1965,5/22/2010,03-Feb-17,13-01-2006,11-01-2015,January 01 1970
7/30/11,11/23/1967,8/15/2012,01-May-18,18-10-2002,04-12-2018,January 07 2011
9/29/10,06/15/1966,10/31/2132,03-Jan-13,12-06-2012,01-01-1970,July 06 2016
7/27/11,11/23/1967,12-06-2016,08-Jan-16,18-04-2001,06-04-2018,July 10 2027
9/27/12,05/15/1968,05-05-2015,12-May-12,15-04-2002,03-04-2017,May 09 2014
05-03-2011,06/21/1967,12/13/2015,01-Jan-16,14-07-2008,01-09-2015,January 01 1970
9/22/10,06-06-1966,6/27/2010,01-Jan-70,15-06-2011,04-05-2014,January 01 1970
4/21/11,04-03-1967,10/31/2137,08-May-12,14-12-2011,10-07-2017,March 10 2012
08-11-2010,04-09-1966,10/31/2146,02-Mar-13,16-09-2011,03-03-2015,January 01 1970
10/31/10,08/16/1966,10/31/2155,04-Jun-13,19-01-2006,03-08-2014,May 02 2014
6/27/07,01/17/1965,3/27/2012,01-Jun-19,25-07-2010,05-12-2012,January 01 2018
05-03-2010,12/30/1965,1/13/2017,12-Feb-15,14-04-2005,09-11-2013,June 05 2017
7/27/10,03/20/1966,10/31/2093,04-Jan-15,18-06-2007,10-10-2014,March 10 2016
06-11-2011,09/18/1967,11/27/2012,12-Oct-12,14-03-2003,07-04-2011,January 01 1970
04-05-2011,02/25/1967,01-02-2012,04-Oct-16,16-11-2006,04-04-2010,September 06 2017
4/25/11,04/29/1967,10/31/2055,04-Mar-17,11-05-2002,02-09-2017,January 01 1970
05-03-2011,06/14/1967,04-07-2014,08-Sep-11,14-03-2002,08-09-2013,July 10 2026
09-04-2010,05/23/1966,10/31/2189,09-Jul-11,14-10-2003,01-01-1970,August 12 2011
12-04-2011,01/26/1968,3/31/2011,09-Apr-14,18-03-2003,03-03-2011,January 01 1970
06-06-2013,07-06-1968,2/28/2011,06-Oct-12,13-12-2002,05-07-2018,August 06 2011
11/25/08,06-11-1965,12-02-2016,01-Jan-70,70-01-1,04-09-2012,June 02 2018
4/21/11,04-05-1967,9/13/2014,01-Feb-17,17-02-2005,01-01-1970,March 09 2010
5/30/11,09-06-1967,4/19/2016,06-Jan-15,16-01-2012,03-11-2013,January 01 1970
11-04-2010,08/20/1966,07-01-2012,10-Feb-14,11-02-2009,08-03-2012,May 12 2013
7/25/11,11/22/1967,02-04-2013,10-Sep-11,12-06-2001,07-02-2017,August 11 2015
5/22/11,08/24/1967,2/16/2014,01-Jan-70,13-07-2001,10-08-2014,January 01 1970
8/20/10,04/22/1966,10/31/2124,01-Jul-17,14-03-2009,07-09-2015,August 05 2015
8/18/07,02-04-1965,09-06-2011,01-Sep-18,36-07-10,07-09-2016,February 09 2010
07-05-2011,10-09-1967,4/22/2016,04-Apr-10,15-11-2002,02-07-2015,September 09 2013
10/20/08,05/31/1965,10-02-2013,03-Aug-15,70-01-1,12-08-2014,July 07 2015
4/18/10,11/18/1965,10/31/2196,09-Mar-11,14-02-2005,09-06-2018,July 10 2032
7/13/07,02-02-1965,10/31/2080,03-Sep-18,30-07-2010,05-03-2011,June 01 2019
6/27/07,01/17/1965,10/31/2051,01-Jan-70,26-07-2010,07-06-2013,February 05 2015
8/18/07,02-04-1965,09-12-2013,12-Jan-17,70-01-1,08-01-2012,November 10 2015
12/28/09,08-11-1965,3/31/2017,06-Jun-17,17-11-2012,04-07-2015,September 01 2011
11-04-2010,08/20/1966,8/31/2016,06-Nov-16,12-04-2009,04-08-2015,April 01 2014
09-02-2012,05-07-1968,07-10-2017,10-Dec-12,12-11-2010,04-03-2018,January 02 2016
11/27/10,10/16/1966,4/29/2017,01-Jan-70,17-11-2012,08-01-2016,April 12 2016
5/30/12,03/27/1968,5/18/2017,11-Feb-16,15-02-2005,01-07-2019,January 01 1970
03-02-2007,01-02-1965,07-10-2012,08-Apr-11,16-07-2010,01-08-2014,June 08 2016
4/14/10,11/16/1965,10/18/2016,07-Jun-14,10-12-2010,03-04-2011,December 04 2015
12/30/11,02-12-1968,4/25/2013,05-Apr-11,12-12-2012,08-03-2017,January 01 1970
4/17/13,06-07-1968,06-11-2016,01-May-12,12-03-2005,07-07-2011,January 07 2012
5/25/11,08/30/1967,10/31/2035,07-Apr-11,14-06-2012,10-08-2010,January 01 1970
4/16/11,03/25/1967,10/31/2047,08-Jun-10,17-04-2001,01-02-2013,June 10 2011
11/20/08,06-11-1965,03-04-2015,10-Nov-12,70-01-1,03-03-2014,January 05 2014
11/27/10,10-12-1966,10/31/2170,07-Sep-11,18-06-2003,06-09-2011,February 10 2017
08-09-2007,02-04-1965,1/20/2017,09-Oct-15,32-07-10,09-03-2011,April 05 2014
7/27/10,03/19/1966,10/22/2013,12-Nov-12,16-02-2012,03-12-2017,May 07 2012
12/23/11,02-06-1968,12/30/2010,01-Jan-70,13-03-2002,05-06-2018,February 08 2015
5/18/11,08-01-1967,01-01-2013,10-Feb-14,14-07-2009,01-01-1970,March 08 2014
9/28/07,02-06-1965,4/19/2010,01-Jan-70,70-01-1,12-10-2015,April 05 2013
7/22/10,03-08-1966,12-03-2010,07-Sep-10,12-01-2011,09-03-2015,January 06 2013
09-08-2011,12/13/1967,06-04-2015,10-Dec-12,12-12-2007,07-08-2017,November 03 2015
08-07-2008,04/25/1965,7/29/2016,03-May-13,70-01-1,08-01-2017,April 06 2011
4/25/11,05-01-1967,2/23/2015,01-Jan-70,16-10-2002,05-03-2013,August 06 2011
02-03-2010,09-09-1965,4/30/2017,09-Jan-16,17-04-2003,04-11-2018,April 09 2015
11/27/10,10/27/1966,9/22/2012,02-Jul-15,19-06-2007,01-01-1970,January 01 1970
9/20/10,06-04-1966,07-03-2016,10-Jul-11,14-05-2002,06-09-2015,May 02 2010
1/28/10,09-08-1965,7/26/2011,10-Dec-15,14-03-2009,01-01-1970,January 10 2014
05-03-2011,06-12-1967,10/13/2014,06-Jan-10,14-01-2007,09-07-2011,October 10 2014
08-02-2010,03/29/1966,05-12-2016,11-Jun-12,18-04-2003,08-03-2015,June 12 2012
2/25/10,09/18/1965,2/16/2013,07-Jul-10,13-11-2011,05-05-2012,July 10 2011
8/17/12,04/23/1968,06-02-2011,03-Apr-16,14-01-2008,12-01-2018,February 12 2011
06-11-2011,09/19/1967,7/25/2013,01-Jan-70,15-03-2003,09-04-2010,December 08 2014
11/20/10,09/15/1966,3/17/2010,01-Jan-70,16-09-2008,02-10-2014,January 01 1970
08-07-2008,04/24/1965,12/23/2016,03-Mar-18,70-01-1,05-12-2014,August 07 2013
05-02-2010,11/23/1965,06-05-2010,01-Jan-70,11-08-2006,01-12-2017,January 01 1970
12/14/08,06-11-1965,5/23/2015,10-Sep-14,70-01-1,08-01-2017,January 09 2015
09-04-2010,05/20/1966,02-07-2014,07-Jan-11,12-02-2003,01-01-1970,August 12 2010
5/19/13,06/19/1968,05-02-2012,10-Jun-16,11-09-2008,12-07-2012,January 01 1970
07-02-2010,02/26/1966,2/25/2017,01-Jan-70,16-08-2003,11-03-2017,April 08 2014
7/13/08,04-09-1965,2/27/2012,02-Jan-13,70-01-1,05-11-2016,May 02 2013
09-01-2007,02-04-1965,10/31/2089,07-Oct-12,70-01-1,01-01-1970,July 10 2036
03-10-2011,01/30/1967,10/31/2097,02-Sep-14,17-08-2008,01-01-1970,May 10 2013
5/28/13,07-01-1968,12/16/2012,04-Jan-12,17-10-2004,04-06-2017,May 05 2015
12-07-2010,11/23/1966,10/31/2127,11-Aug-12,15-02-2012,02-03-2015,June 02 2016
05-03-2010,12-08-1965,10/31/2114,01-Apr-18,13-04-2006,03-04-2013,May 08 2012
5/29/13,07-02-1968,10-06-2013,10-Dec-10,13-12-2012,05-02-2014,May 03 2017
6/24/13,07/23/1968,06-02-2010,01-Jan-70,12-01-2004,02-01-2014,September 01 2014
09-03-2010,05/19/1966,03-04-2010,10-Jun-18,14-12-2001,04-07-2011,January 01 1970
10-06-2010,07-11-1966,9/19/2011,07-Feb-17,12-01-2007,04-02-2013,April 02 2015
04-11-2011,03-04-1967,4/30/2013,11-Sep-13,10-09-2007,02-05-2017,May 04 2019
3/22/12,02/28/1968,4/14/2014,10-Nov-15,14-01-2001,03-09-2014,October 07 2017
7/31/10,03/26/1966,12-08-2011,01-Jan-70,13-04-2010,06-11-2015,July 10 2023
04-10-2011,03-04-1967,12-03-2012,06-Oct-18,17-11-2003,06-07-2015,November 02 2016
4/20/09,06/27/1965,12/22/2010,01-Jan-70,19-06-2001,11-10-2013,November 06 2016
6/23/10,02/18/1966,5/28/2014,01-Jan-70,12-03-2005,03-12-2015,January 01 2014
03-08-2011,01/21/1967,11-09-2010,02-Apr-15,12-06-2011,01-01-1970,January 07 2017
07-09-2012,04/19/1968,5/18/2017,05-Jan-12,16-07-2005,10-02-2014,July 12 2012
09-01-2011,12-10-1967,10/31/2175,01-Apr-14,13-09-2012,01-01-1970,February 07 2014
02-05-2010,09/14/1965,05-04-2012,09-Feb-11,17-06-2005,02-03-2017,November 06 2018
5/13/11,07/20/1967,7/29/2010,01-Jan-70,14-11-2011,09-05-2012,March 09 2013
11/21/10,09/26/1966,2/26/2016,01-Sep-13,12-05-2005,01-07-2015,July 06 2013
10/17/10,07/21/1966,12/24/2011,01-Jan-70,18-03-2005,06-04-2013,January 09 2012
03-02-2012,02/21/1968,10/14/2012,04-Nov-15,15-09-2003,06-02-2018,April 03 2010
06-05-2010,02-10-1966,10/31/2021,09-Oct-16,12-02-2001,01-09-2016,February 03 2010
11/26/10,10-07-1966,01-05-2013,11-Sep-12,16-01-2009,04-01-2019,April 01 2018
10/31/10,08/16/1966,12/31/2013,01-Jan-70,13-02-2001,01-01-1970,January 01 1970
08-05-2011,11/30/1967,1/16/2017,02-Aug-18,17-08-2012,05-11-2014,July 01 2017
10/30/12,05/16/1968,9/21/2010,11-Oct-11,18-08-2006,07-10-2024,March 04 2013
05-03-2010,12/13/1965,05-09-2012,07-Apr-15,15-06-2006,07-09-2011,October 02 2016
8/26/08,05-03-1965,3/21/2010,12-Feb-16,70-01-1,09-02-2015,December 12 2012
05-03-2011,06/20/1967,3/15/2011,01-Mar-16,15-01-2006,10-07-2013,January 01 1970
1/27/12,02/19/1968,1/27/2017,10-Oct-13,15-03-2001,05-09-2016,April 11 2016
10/15/08,05/23/1965,4/19/2010,10-Jun-17,70-01-1,01-01-1970,October 03 2013
04-06-2011,02/25/1967,10/23/2011,02-Jan-13,15-06-2008,09-09-2010,July 04 2017
5/28/13,06/26/1968,06-08-2011,03-Sep-15,12-04-2012,01-01-1970,July 03 2017
05-06-2009,07-02-1965,4/20/2016,07-May-18,16-08-2011,05-05-2016,March 06 2010
10-12-2008,05/22/1965,11/25/2010,11-Jan-11,70-01-1,07-10-2021,January 01 1970
8/18/07,02-04-1965,09-11-2017,01-Jan-70,37-07-10,07-10-2028,February 02 2014
05-02-2010,11/27/1965,10/14/2013,07-Jun-19,15-11-2009,10-09-2015,January 01 1970
8/19/07,02-04-1965,8/22/2010,11-Oct-14,70-01-1,04-04-2012,April 02 2013
3/28/11,02/22/1967,6/21/2017,09-Nov-13,17-01-2007,02-11-2016,August 09 2013
10/30/10,08-01-1966,3/18/2017,12-May-16,15-02-2003,04-07-2012,March 03 2018
3/25/10,10/16/1965,10/31/2162,05-Dec-15,18-03-2007,06-06-2012,January 02 2011
10-12-2007,02-07-1965,10-12-2016,07-Jan-12,70-01-1,04-04-2012,January 06 2017
02-05-2010,09/13/1965,10/23/2010,05-Apr-13,12-09-2011,11-02-2016,November 03 2013
2/27/10,09/21/1965,8/21/2016,08-Jan-14,15-02-2004,03-04-2016,April 03 2018
11/26/08,06-11-1965,4/14/2011,08-Jan-18,70-01-1,01-02-2013,September 08 2016
8/19/10,04-11-1966,03-04-2011,07-Jun-18,10-03-2006,10-08-2012,May 02 2016
9/19/10,06-02-1966,03-03-2014,01-Sep-18,15-11-2001,12-12-2011,January 06 2019
06-07-2011,09/16/1967,07-09-2010,12-Dec-12,10-12-2008,04-10-2011,November 09 2012
5/20/11,08/19/1967,9/20/2011,07-Feb-13,11-09-2011,01-08-2012,April 02 2013
9/28/10,06/13/1966,11/16/2011,05-Mar-17,16-11-2007,01-01-1970,August 09 2010
4/21/11,04-01-1967,3/21/2011,01-Mar-19,15-03-2007,06-05-2018,July 08 2018
8/28/10,05-11-1966,9/22/2013,12-Jul-12,12-04-2005,04-02-2014,August 09 2012
7/16/08,04-10-1965,05-10-2014,10-Feb-17,70-01-1,10-04-2017,December 03 2015
07-09-2012,04/14/1968,9/28/2013,01-Jan-70,15-03-2001,08-10-2013,April 02 2015
4/18/10,11/21/1965,10/31/2075,01-Jan-70,14-02-2012,04-12-2016,March 02 2013
04-12-2011,03/13/1967,06-05-2014,05-May-15,15-05-2004,01-01-1970,August 09 2012
4/18/12,03-09-1968,11/24/2016,02-Oct-16,14-02-2008,06-11-2012,May 07 2011
08-06-2008,04/18/1965,2/14/2016,10-Oct-11,70-01-1,12-01-2017,May 10 2015
5/30/10,02-05-1966,5/28/2011,03-Sep-11,16-01-2007,09-05-2012,January 01 1970
9/27/10,06-07-1966,10/31/2079,06-Jun-17,16-03-2004,09-11-2011,April 11 2011
05-11-2009,07-06-1965,10/21/2013,01-Jan-70,13-04-2002,01-01-1970,September 12 2013
10-10-2011,12/25/1967,7/16/2010,09-Nov-17,18-05-2006,02-01-2012,September 08 2011
06-05-2010,02/13/1966,1/18/2013,03-Dec-11,13-03-2002,03-12-2012,September 11 2011
09-07-2008,05/17/1965,06-10-2012,01-Jan-70,70-01-1,07-10-2017,February 12 2016
2/28/08,03-04-1965,12/13/2016,02-Sep-13,70-01-1,10-04-2016,February 12 2016
1/15/13,05/20/1968,10/31/2048,01-Mar-19,15-10-2007,03-11-2015,July 08 2014
5/20/08,03/28/1965,4/15/2015,10-Apr-11,70-01-1,05-01-2018,September 12 2010
10/30/10,08-05-1966,10/23/2012,10-Aug-16,11-10-2003,04-05-2015,March 01 2019
3/19/09,06/17/1965,7/28/2013,12-Mar-15,70-01-1,09-01-2014,January 01 1970
11/24/08,06-11-1965,9/29/2013,01-Jan-70,70-01-1,09-01-2018,July 03 2013
10-01-2010,06/27/1966,11/25/2013,09-Sep-10,15-09-2009,09-04-2017,May 04 2010
03-12-2013,05/28/1968,1/23/2011,10-Nov-13,15-08-2012,07-02-2015,December 05 2016
6/16/13,07/17/1968,09-09-2016,08-Feb-14,14-02-2003,01-07-2015,December 08 2015
4/18/12,03-10-1968,5/26/2013,02-Nov-15,17-10-2007,04-03-2010,January 01 1970
12-01-2010,11/13/1966,10/23/2011,03-Dec-12,10-04-2004,04-03-2016,February 09 2017
9/26/11,12/21/1967,3/15/2016,05-Feb-12,12-02-2006,02-12-2016,January 01 1970
4/30/13,06-12-1968,2/18/2017,01-Jan-70,15-12-2005,01-06-2019,July 01 2013
09-05-2007,02-05-1965,10/31/2107,09-Sep-15,70-01-1,03-01-2019,June 10 2016
8/25/10,05-02-1966,10/31/2071,09-Sep-16,15-06-2006,01-01-1970,February 08 2012
05-11-2011,07-02-1967,10-12-2010,09-Sep-16,11-04-2003,01-01-1970,April 07 2012
7/21/10,03-08-1966,6/30/2013,03-Mar-17,15-11-2010,02-08-2018,April 01 2017
01-09-2012,02/13/1968,09-11-2015,05-Jul-16,15-05-2008,12-12-2013,April 01 2012
12/23/11,02-04-1968,6/28/2012,01-Sep-11,12-11-2009,06-08-2010,October 09 2016
9/27/11,12/23/1967,10/31/2186,06-Jan-13,13-09-2002,08-03-2016,January 01 1970
11/30/11,01/14/1968,7/21/2010,09-Nov-15,16-05-2009,08-04-2017,January 01 1970
3/14/10,10-01-1965,2/13/2011,03-Nov-13,17-11-2012,04-05-2012,January 11 2015
06-07-2008,04-01-1965,1/28/2017,11-Mar-14,70-01-1,07-09-2016,May 09 2015
12-02-2012,05/16/1968,10/19/2010,02-May-14,15-07-2009,10-05-2015,January 05 2011
12-05-2012,05/17/1968,10/31/2085,12-Jul-13,11-11-2010,10-06-2011,September 03 2011
04-10-2013,05/30/1968,12/23/2016,09-Jul-16,18-06-2010,11-06-2016,September 09 2015
8/24/10,05-01-1966,12/29/2016,07-Oct-13,13-11-2010,01-01-1970,February 06 2017
4/18/13,06-07-1968,08-07-2015,07-Jun-14,11-02-2012,01-01-1970,December 01 2017
02-05-2011,01-05-1967,10/31/2043,01-Jan-70,13-11-2004,03-10-2012,February 06 2011
05-02-2010,11/27/1965,10-05-2013,04-Jun-18,15-08-2011,09-09-2016,January 01 1970
4/14/11,03/19/1967,07-06-2015,12-Apr-13,16-04-2007,01-01-1970,June 12 2012
11/27/10,10-11-1966,01-09-2011,12-Mar-11,12-08-2009,11-10-2012,July 08 2015
12/22/10,12/15/1966,11/21/2013,01-Jan-70,16-02-2004,04-06-2013,January 01 1970
05-06-2009,07-01-1965,10/23/2014,08-Apr-13,13-06-2004,01-01-1970,December 08 2015
12-12-2009,08/16/1965,2/13/2017,02-Nov-15,18-11-2007,03-11-2014,November 11 2014
04-01-2008,03/14/1965,12-02-2010,12-Dec-11,70-01-1,01-11-2012,July 09 2012
7/22/08,04/15/1965,8/13/2016,04-Jun-19,70-01-1,09-09-2015,February 06 2011
4/15/09,06/27/1965,5/23/2013,07-Dec-12,70-01-1,06-10-2012,October 10 2013
4/13/11,03/13/1967,8/25/2016,05-Mar-12,15-11-2003,09-03-2014,September 01 2018
10/29/07,02-09-1965,10/31/2070,11-Aug-15,70-01-1,11-11-2014,September 09 2016
10/23/12,05/16/1968,10/31/2036,08-Dec-11,13-10-2003,05-07-2016,July 11 2010
05-04-2011,06/24/1967,10/31/2057,09-Jul-15,16-12-2005,01-04-2012,September 04 2010
9/28/10,06/13/1966,6/16/2015,01-Aug-16,17-05-2003,02-04-2013,November 11 2013
07-03-2011,10-03-1967,05-03-2012,12-Dec-12,13-06-2004,07-10-2012,September 05 2016
8/26/08,05-01-1965,10-05-2013,12-Aug-10,70-01-1,01-01-1970,September 10 2011
09-09-2007,02-05-1965,09-10-2015,09-Aug-14,70-01-1,09-09-2012,January 01 1970
07-09-2008,04-08-1965,04-05-2015,12-May-14,70-01-1,02-03-2013,January 01 1970
09-02-2007,02-04-1965,10/31/2119,05-Oct-15,70-01-1,04-05-2016,March 04 2017
04-12-2010,11-12-1965,10/15/2011,01-Jan-70,14-03-2002,11-06-2012,May 07 2016
05-06-2013,06/14/1968,3/20/2015,01-Jan-70,14-01-2007,07-04-2012,August 03 2012
10-01-2010,06/27/1966,10/31/2038,06-Oct-14,18-06-2004,05-10-2013,July 08 2017
12-02-2011,01/19/1968,12/22/2016,09-May-15,15-05-2010,02-01-2012,June 06 2012
6/22/11,09/22/1967,10/31/2065,02-May-11,15-01-2002,02-11-2013,November 04 2013
12/25/11,02-10-1968,8/28/2011,01-Jan-70,16-01-2008,01-08-2016,October 08 2012
6/25/13,07/25/1968,10/31/2056,01-Jan-70,13-04-2006,07-04-2011,January 08 2014
11/29/11,01/13/1968,8/13/2011,01-Jan-70,17-08-2003,04-05-2012,January 06 2013
8/21/07,02-04-1965,3/23/2011,08-Oct-12,70-01-1,04-10-2013,February 12 2014
8/25/10,05-05-1966,2/16/2017,01-Jan-70,12-03-2007,04-11-2012,January 01 1970
5/22/11,08/24/1967,2/15/2013,01-Jan-70,18-06-2002,01-11-2012,July 04 2015
4/16/08,03/18/1965,4/18/2013,05-Sep-12,70-01-1,04-02-2013,May 10 2013
05-07-2013,06/16/1968,02-10-2014,09-Jun-11,15-01-2007,02-07-2013,November 12 2017
12-02-2011,01/15/1968,3/24/2014,05-Aug-15,13-06-2001,04-09-2013,December 10 2014
6/27/11,09/26/1967,05-11-2017,01-Jan-70,14-02-2002,08-05-2015,September 02 2015
5/28/08,03/28/1965,7/17/2012,08-Sep-12,70-01-1,01-01-1970,October 05 2015
07-12-2010,02/28/1966,09-11-2012,03-Nov-15,14-04-2001,05-06-2014,November 10 2015
05-03-2010,12/15/1965,11/24/2013,10-May-15,12-10-2009,01-01-1970,January 01 2013
11-11-2009,08/13/1965,11/21/2015,04-Apr-19,18-04-2012,01-01-2013,November 11 2014
1/30/13,05/24/1968,11/30/2010,09-Oct-13,17-03-2003,01-10-2010,December 10 2010
03-10-2008,03-05-1965,9/21/2014,01-Jan-70,70-01-1,06-07-2018,January 01 1970
10-01-2010,07-04-1966,5/19/2014,02-Apr-14,15-09-2009,03-08-2011,February 05 2015
4/25/11,04/21/1967,10/31/2082,02-Mar-14,11-09-2003,12-04-2015,March 04 2017
8/28/10,05/14/1966,6/28/2012,01-Jan-70,15-06-2009,12-02-2018,February 12 2010
5/22/10,01/24/1966,03-12-2013,01-Jan-70,16-10-2004,05-01-2015,June 05 2018
4/24/09,06/30/1965,08-11-2016,09-Sep-15,14-04-2001,01-05-2011,January 01 1970
08-04-2008,04/18/1965,3/28/2014,03-Nov-11,70-01-1,06-08-2012,January 01 1970
3/30/10,10/19/1965,8/28/2012,01-Jan-70,10-02-2003,01-01-1970,June 10 2016
01-07-2009,06/13/1965,7/21/2010,01-Jan-70,70-01-1,09-11-2016,January 02 2019
09-07-2012,05-08-1968,09-01-2016,06-Jun-10,18-10-2006,02-06-2016,April 12 2018
10/29/07,02-12-1965,08-01-2016,05-Jun-18,70-01-1,04-07-2016,July 02 2015
1/24/10,08/24/1965,04-04-2010,01-Jan-70,16-01-2002,01-01-1970,January 09 2015
3/30/12,03-05-1968,1/30/2017,08-Jun-17,12-07-2010,12-11-2017,April 08 2013
03-09-2011,01/24/1967,7/17/2010,11-Oct-13,10-03-2010,08-04-2018,March 09 2014
03-07-2011,01/19/1967,09-03-2014,02-Jan-18,16-02-2011,09-11-2012,July 08 2012
4/25/11,04/23/1967,03-05-2015,02-Feb-17,16-03-2005,05-12-2010,January 01 1970
8/24/10,04/23/1966,03-09-2015,03-Apr-17,14-03-2008,07-05-2015,April 02 2013
10-07-2011,12/24/1967,10/28/2013,06-Sep-17,18-01-2002,02-12-2016,January 01 1970
01-07-2008,03-01-1965,6/23/2010,09-Feb-10,70-01-1,01-02-2015,March 09 2013
5/13/11,07/16/1967,05-05-2016,07-Feb-15,13-07-2006,07-01-2015,March 07 2014
3/26/10,10/17/1965,12/16/2011,01-Jan-70,15-03-2006,11-05-2016,June 08 2010
7/17/11,11-04-1967,7/29/2014,11-Feb-15,14-01-2008,10-10-2014,January 01 1970
3/15/12,02/27/1968,10/31/2095,08-Mar-14,14-01-2010,09-09-2016,January 01 1970
10/31/07,02/15/1965,2/16/2017,08-Jun-15,70-01-1,10-11-2011,February 11 2015
04-12-2010,11/14/1965,4/21/2014,12-Mar-17,14-07-2004,08-05-2014,November 07 2018
11/27/10,10/19/1966,2/17/2013,10-Feb-13,15-01-2007,05-01-2018,January 01 1970
9/23/10,06-07-1966,4/21/2016,10-Jul-32,11-04-2007,02-10-2017,May 12 2012
4/23/13,06-08-1968,7/28/2014,03-Mar-14,14-05-2004,01-01-1970,June 07 2019
08-01-2010,03/26/1966,10/28/2013,12-Jan-16,13-02-2009,01-01-1970,January 01 1970
6/20/08,04-04-1965,8/16/2012,06-Aug-11,70-01-1,02-12-2010,August 03 2016
11/13/10,08/30/1966,6/22/2010,01-Jan-70,16-01-2001,10-02-2013,June 10 2012
3/13/10,09/28/1965,08-02-2011,07-Nov-18,13-09-2002,06-06-2015,March 02 2013
12/25/12,05/17/1968,7/27/2012,01-Jan-70,19-03-2001,04-09-2014,January 01 1970
4/25/11,05-04-1967,03-02-2010,06-Apr-14,18-06-2005,07-05-2016,February 10 2014
12-02-2011,01/19/1968,10/31/2147,01-Jan-70,12-03-2012,01-01-1970,March 04 2011
11/29/10,11-03-1966,3/25/2014,04-Jul-15,18-09-2003,05-01-2012,July 10 2020
8/26/08,04/29/1965,10/31/2091,05-Apr-14,70-01-1,03-10-2016,January 02 2016
5/17/10,01/22/1966,10/31/2158,12-May-14,11-02-2008,03-05-2012,September 11 2016
8/19/09,07/20/1965,10/31/2029,09-Mar-12,12-05-2007,06-03-2018,October 07 2015
11/27/12,05/16/1968,3/17/2016,02-Sep-15,18-01-2001,01-02-2011,January 01 1970
8/26/08,05-02-1965,11/14/2015,07-May-13,70-01-1,07-03-2017,November 08 2011
12-12-2007,03-01-1965,6/29/2017,10-Jul-27,70-01-1,02-04-2012,January 01 1970
01-10-2010,08/18/1965,10/31/2144,08-Dec-14,15-07-2009,02-01-2013,June 01 2016
1/14/13,05/20/1968,10/31/2015,02-Sep-13,16-03-2001,01-01-1970,January 01 1970
8/28/10,05/17/1966,11/27/2014,06-Jul-14,11-01-2007,05-05-2015,April 06 2014
12-09-2009,08/14/1965,3/30/2017,01-Aug-17,17-12-2011,01-01-1970,March 11 2013
11-07-2010,08/26/1966,06-12-2012,08-Oct-14,17-02-2010,10-11-2014,June 09 2011
12/22/10,12/20/1966,10/31/2088,11-Jun-12,14-06-2001,01-07-2017,January 01 1970
09-08-2011,12/13/1967,10/24/2011,11-Apr-11,17-04-2011,07-12-2012,February 07 2017
11-04-2010,08/18/1966,10-10-2013,02-Sep-15,15-07-2011,02-08-2012,March 04 2013
5/26/10,01/31/1966,7/18/2017,04-May-19,11-04-2007,11-12-2017,July 01 2015
6/20/11,09/20/1967,3/23/2016,09-Jul-16,15-10-2005,01-07-2016,April 04 2010
9/25/11,12/18/1967,1/26/2012,09-Sep-15,16-05-2002,05-03-2017,November 06 2011
12-02-2011,01/21/1968,08-06-2010,05-Oct-11,13-04-2002,03-07-2014,January 10 2015
11-08-2009,08/13/1965,10/31/2063,07-Jul-15,12-11-2006,03-04-2017,May 04 2013
10/31/11,01-02-1968,11-09-2013,01-Jul-14,13-05-2007,02-11-2012,June 03 2018
11-04-2010,08/18/1966,10-02-2014,06-Apr-14,14-12-2010,01-01-1970,October 08 2012
5/29/08,03/29/1965,2/25/2013,01-Jan-70,70-01-1,07-10-1934,May 01 2018
10-05-2010,07-10-1966,10/31/2184,02-Oct-16,12-01-2009,01-01-1970,January 02 2011
5/31/12,04-01-1968,11-05-2016,05-Jan-15,14-03-2005,01-01-1970,January 01 1970
7/18/11,11-08-1967,02-03-2013,01-Jan-70,17-06-2003,02-10-2013,June 04 2015
8/14/12,04/21/1968,10/31/2037,01-Aug-17,14-02-2011,02-08-2011,July 10 2030
4/24/11,04-10-1967,03-02-2017,03-Mar-14,11-01-2011,03-05-2012,February 04 2014
05-03-2010,12/25/1965,03-01-2013,06-Feb-10,12-05-2001,08-04-2011,December 07 2013
09-06-2008,05/16/1965,07-12-2012,01-Jan-14,70-01-1,04-05-2013,July 10 2019
05-01-2012,03-11-1968,08-12-2011,01-Jan-70,13-04-2009,08-12-2011,January 01 1970
11/22/11,01-07-1968,09-07-2016,02-Apr-14,11-03-2012,08-11-2016,January 01 1970
10-09-2007,02-06-1965,9/22/2010,12-Apr-16,70-01-1,01-02-2016,August 02 2018
05-03-2010,12-10-1965,3/24/2011,09-Mar-10,13-10-2002,11-12-2012,May 02 2016
10-01-2010,06/29/1966,10/31/2072,02-Feb-14,12-04-2007,02-08-2014,November 01 2015
04-08-2009,06/20/1965,10/31/2153,07-Dec-16,70-01-1,11-08-2011,September 11 2012
11/24/11,01/13/1968,03-11-2013,10-Jan-14,16-09-2005,01-01-1970,July 08 2012
1/16/11,01-04-1967,7/27/2016,01-Jan-70,15-01-2005,12-03-2015,October 09 2015
12-11-2007,02/26/1965,06-04-2015,01-Jun-12,70-01-1,05-08-2015,April 05 2012
7/28/08,04/16/1965,11-11-2014,08-Dec-15,70-01-1,07-10-2025,April 02 2018
12/19/10,12-07-1966,3/20/2010,05-Mar-12,13-07-2004,04-08-2016,February 04 2010
4/15/07,01-09-1965,09-09-2015,03-Feb-14,20-07-2010,07-08-2018,September 11 2010
11-08-2009,08/13/1965,01-07-2015,10-Jul-26,14-09-2002,01-09-2016,November 05 2015
1/16/13,05/22/1968,3/15/2010,08-Mar-14,14-02-2010,12-10-2011,January 01 1970
9/22/07,02-06-1965,10/31/2069,01-Jan-70,70-01-1,02-12-2017,February 05 2012
12-02-2011,01/14/1968,02-05-2011,08-Jul-15,15-06-2006,10-12-2011,May 12 2014
11/29/10,11-11-1966,7/19/2014,05-May-16,12-01-2008,06-08-2014,October 09 2015
10/15/10,07/19/1966,10/31/2083,01-Jan-70,11-10-2008,01-01-1970,April 06 2014
3/14/10,10-01-1965,5/14/2014,03-Jun-17,10-02-2012,09-12-2015,August 10 2013
11/20/10,09/18/1966,3/13/2017,04-Jul-13,11-07-2010,01-07-2013,March 11 2015
1/26/10,09-04-1965,01-09-2013,12-Jul-12,16-06-2008,05-01-2013,October 04 2016
3/14/08,03-06-1965,10/16/2010,09-Jan-10,70-01-1,07-01-2017,May 06 2019
09-09-2007,02-05-1965,10/31/2042,11-Nov-13,70-01-1,02-03-2012,February 03 2012
12/22/10,12/28/1966,10/31/2032,10-Jun-12,14-01-2005,02-12-2015,January 01 1970
5/13/11,07-12-1967,9/22/2014,11-Mar-17,17-02-2003,08-11-2015,April 04 2012
03-09-2008,03-05-1965,10/31/2138,02-Apr-18,70-01-1,01-01-1970,October 10 2011
09-03-2008,05-12-1965,9/19/2015,05-Feb-15,70-01-1,01-01-1970,February 04 2015
4/25/11,05-09-1967,10-03-2010,02-May-11,17-12-2001,03-05-2016,January 01 1970
3/24/12,03-02-1968,10/31/2163,09-May-16,13-10-2011,08-06-2011,October 07 2012
12/21/12,05/17/1968,2/19/2012,01-May-18,12-11-2010,01-01-1970,January 09 2011
12/19/08,06-12-1965,10/31/2192,09-Apr-13,70-01-1,07-08-2012,April 05 2015
7/22/10,03-08-1966,7/17/2012,10-Dec-14,14-09-2001,01-01-1970,January 01 1970
11/28/12,05/16/1968,05-03-2012,07-Aug-17,18-04-2002,01-07-2012,November 02 2012
5/23/10,01/26/1966,9/14/2010,09-Jan-12,18-09-2001,10-06-2018,June 04 2018
8/28/10,05-11-1966,8/22/2011,07-Jan-13,13-04-2008,05-02-2013,April 06 2017
11/30/10,11-12-1966,12/28/2016,07-May-17,11-12-2001,02-04-2014,April 10 2011
9/16/12,05-09-1968,5/21/2013,08-Aug-17,11-01-2005,04-03-2017,July 10 2035
1/13/13,05/20/1968,7/23/2017,12-Feb-17,12-08-2009,10-06-2014,January 12 2016
12/21/10,12/14/1966,11-06-2012,09-Jul-12,14-04-2002,11-06-2017,April 12 2015
12/15/11,01/30/1968,12/29/2012,03-Mar-14,17-02-2010,01-01-2016,January 01 1970
7/30/10,03/23/1966,10/31/2018,02-Oct-14,10-09-2012,01-01-1970,July 09 2016
4/29/13,06-12-1968,07-02-2014,03-Oct-13,16-03-2010,01-01-1970,December 03 2011
11-04-2007,02/18/1965,05-01-2014,01-Jun-16,70-01-1,12-11-2014,March 06 2012
10/31/07,02/17/1965,4/26/2014,02-Dec-18,70-01-1,07-11-2015,January 01 1970
12-09-2009,08/14/1965,8/17/2013,01-Nov-15,13-08-2010,01-01-1970,November 10 2013
05-06-2012,03/22/1968,1/18/2015,10-Jul-33,16-02-2012,01-02-2019,January 01 1970
4/24/11,04-12-1967,10/31/2179,07-Oct-17,13-01-2001,10-10-2013,March 09 2014
11-01-2012,05/16/1968,10/31/2030,07-Feb-14,17-07-2003,04-10-2015,April 10 2015
05-03-2010,12/22/1965,7/25/2014,03-Mar-11,14-02-2007,02-08-2015,September 05 2012
5/21/11,08/21/1967,07-04-2011,09-Apr-12,17-08-2007,02-09-2011,January 02 2012
10/30/10,08-07-1966,06-04-2010,11-Sep-12,16-04-2012,02-04-2010,April 05 2011
5/19/11,08/15/1967,09-11-2013,12-Mar-12,11-02-2009,01-09-2010,January 01 1970
9/26/09,08-11-1965,10/19/2012,01-Jan-70,14-10-2005,06-12-2016,January 01 1970
8/17/07,02-04-1965,9/20/2012,01-Jan-70,35-07-10,07-02-2014,May 08 2015
3/28/08,03-09-1965,10/31/2200,01-Jan-70,70-01-1,11-10-2015,February 10 2014
5/29/10,02-03-1966,10/31/2066,04-Mar-13,12-03-2011,02-05-2014,January 03 2013
05-03-2011,06/21/1967,2/22/2015,08-Apr-15,11-09-2007,02-01-2017,January 01 1970
07-05-2008,04-06-1965,3/19/2016,01-Jan-70,70-01-1,12-10-2014,September 07 2011
8/28/08,05-04-1965,10/31/2160,03-Apr-10,70-01-1,06-08-2015,February 08 2014
5/29/10,02-04-1966,6/25/2011,04-Jun-13,17-09-2004,07-05-2015,March 03 2014
7/18/11,11-08-1967,2/13/2010,03-Nov-17,11-05-2006,09-09-2013,January 06 2013
5/29/10,02-05-1966,04-09-2010,01-Jan-70,13-12-2009,03-09-2010,March 12 2015
11-04-2010,08/19/1966,09-02-2010,01-Jan-70,13-07-2003,09-09-2015,February 05 2014
05-03-2010,12/30/1965,10/20/2012,03-Aug-12,13-03-2002,04-06-2011,July 12 2012
11/27/10,10-07-1966,10/31/2154,05-Apr-12,13-11-2009,05-07-2017,January 01 1970
5/22/11,08/26/1967,10/31/2023,03-Mar-14,10-04-2006,02-12-2016,November 08 2016
8/15/11,12-09-1967,12-06-2015,09-Jan-15,12-08-2011,06-03-2019,June 10 2015
6/28/10,02/25/1966,10/23/2012,10-Apr-12,16-07-2009,03-03-2017,October 06 2014
5/22/11,08/22/1967,3/21/2014,01-Jan-70,14-12-2011,10-09-2015,January 02 2013
12-11-2007,02/25/1965,08-09-2016,11-Mar-14,70-01-1,01-01-1970,August 03 2015
5/26/13,06/22/1968,03-12-2011,05-May-16,11-07-2002,01-01-1970,September 09 2015
10/31/10,08-07-1966,7/27/2010,07-May-13,18-04-2002,01-01-1970,May 01 2013
8/23/12,04/26/1968,10/30/2016,01-Jan-70,17-01-2008,05-04-2013,December 11 2014
4/24/11,04-10-1967,3/24/2014,07-May-12,15-11-2010,02-01-2015,April 10 2013
4/13/11,03/14/1967,9/18/2014,12-Apr-15,17-05-2007,01-01-1970,May 12 2018
3/31/10,11-03-1965,10/31/2012,10-Jul-30,14-04-2006,02-10-2017,July 10 2014
05-06-2012,03/22/1968,4/23/2012,02-Apr-13,16-03-2007,06-01-2014,August 01 2016
03-11-2010,09/22/1965,10/31/2177,01-Jan-70,15-12-2003,12-10-2010,May 09 2016
6/28/10,02/22/1966,9/27/2012,01-Jan-70,13-01-2001,11-08-2016,September 06 2018
5/19/11,08/19/1967,7/28/2015,01-Aug-18,16-04-2005,12-12-2011,January 01 1970
7/22/11,11/15/1967,10/31/2126,01-Jan-70,14-02-2007,11-10-2015,February 11 2012
9/20/11,12/16/1967,1/29/2016,06-Jan-13,15-04-2006,01-01-1970,September 01 2017
10/17/09,08-11-1965,12-09-2015,05-Feb-12,16-04-2011,01-01-1970,January 11 2015
8/23/12,04/26/1968,04-02-2011,03-Jan-16,10-02-2009,02-02-2018,January 01 1970
02-04-2010,09-11-1965,6/13/2012,05-Mar-18,18-03-2010,09-08-2014,October 06 2012
08-03-2011,11/28/1967,04-03-2013,11-Apr-15,11-04-2008,03-12-2011,December 06 2017
12/18/08,06-12-1965,10/31/2164,10-Jul-37,70-01-1,12-11-2014,February 02 2018
7/13/10,02/28/1966,11/28/2015,01-Feb-14,12-12-2006,05-04-2019,January 03 2016
12/16/07,03-01-1965,1/21/2017,08-Jan-14,70-01-1,05-06-2019,March 03 2017
08-05-2010,04-06-1966,06-11-2012,07-May-11,15-04-2005,01-01-1970,February 09 2010
09-06-2007,02-05-1965,10/31/2039,08-Jun-14,70-01-1,09-08-2017,January 01 1970
4/16/11,03/24/1967,9/15/2012,10-Oct-14,17-07-2003,01-06-2010,February 09 2013
07-10-2011,10/16/1967,01-11-2015,07-Nov-15,14-09-2008,11-05-2015,April 11 2017
4/13/08,03/18/1965,5/13/2011,02-Apr-18,70-01-1,01-10-2014,January 01 1970
9/29/10,06/15/1966,2/19/2011,03-Feb-13,13-07-2010,05-09-2016,March 05 2018
1/25/10,09-01-1965,7/20/2012,01-Jan-70,15-04-2003,01-01-1970,August 12 2015
12-08-2010,12-01-1966,3/23/2014,04-Jul-13,12-05-2012,03-05-2018,April 05 2016
04-08-2012,03-05-1968,05-05-2012,12-Apr-16,12-01-2005,07-10-2014,April 06 2016
10/17/07,02-08-1965,6/19/2015,01-Jan-70,70-01-1,10-05-2011,February 10 2013
4/13/11,03/18/1967,08-09-2012,06-Nov-18,11-12-2012,07-10-1933,January 01 1970
11-04-2011,01-04-1968,08-09-2010,05-Nov-15,19-03-2001,01-12-2016,March 12 2012
5/23/10,01/28/1966,10/31/2165,02-Jun-16,14-06-2004,09-10-2011,March 11 2016
04-12-2011,03-09-1967,10/31/2033,07-Jan-17,14-07-2006,09-07-2015,February 09 2011
12-02-2011,01/14/1968,10-01-2014,01-Jan-70,16-11-2002,04-03-2017,January 01 1970
10-11-2007,02-06-1965,01-02-2015,01-Jan-70,70-01-1,01-01-1970,April 04 2012
6/26/13,07/28/1968,5/27/2016,10-Jan-14,14-08-2005,03-06-2012,April 04 2019
6/24/08,04-05-1965,10/31/2115,06-Nov-11,70-01-1,05-02-2010,February 11 2017
10/31/10,08-10-1966,11/20/2014,02-Nov-16,13-10-2007,04-08-2013,May 08 2015
1/24/10,08/27/1965,10-03-2016,01-Jan-70,16-04-2006,10-01-2014,September 08 2010
6/15/12,04-07-1968,07-10-2013,01-Jan-70,15-02-2008,07-08-2012,February 10 2013
7/21/11,11-12-1967,12/26/2015,01-Jan-70,10-02-2006,04-12-2012,May 12 2015
11/17/11,01-06-1968,11/20/2014,05-Jul-15,13-04-2012,07-02-2012,July 04 2012
6/18/11,09/20/1967,10/31/2169,01-Jan-70,13-02-2004,08-09-2010,July 08 2014
9/21/09,08-05-1965,10/31/2161,07-Apr-11,11-12-2010,01-08-2012,August 05 2015
11/16/08,06-11-1965,10/26/2015,01-Aug-12,70-01-1,01-01-1970,May 08 2014
03-08-2011,01/23/1967,02-05-2010,11-Jan-12,14-02-2001,04-10-2018,May 01 2018
05-09-2008,03/23/1965,5/27/2014,05-May-15,70-01-1,01-01-1970,January 01 1970
05-04-2009,06/30/1965,11-10-2011,07-Oct-17,15-05-2003,05-01-2012,June 12 2016
05-03-2011,06-12-1967,6/25/2015,01-Mar-15,11-03-2009,01-01-1970,September 09 2010
05-03-2010,12-06-1965,9/20/2011,01-Jan-70,16-03-2011,01-01-1970,February 01 2017
12/21/10,12-10-1966,10/31/2128,01-Nov-12,15-04-2007,01-06-2013,July 10 2018
4/25/11,04/30/1967,8/17/2014,10-Apr-13,15-12-2010,05-04-2015,November 03 2015
02-09-2008,03-03-1965,12-06-2012,11-Nov-14,70-01-1,02-11-2017,January 01 1970
11-12-2007,02/18/1965,8/19/2016,09-Jul-15,70-01-1,01-01-1970,July 03 2017
07-09-2011,10/15/1967,12-02-2015,10-Apr-15,17-03-2001,04-01-2017,July 04 2011
8/28/08,05-03-1965,2/15/2012,06-May-19,70-01-1,07-10-1936,January 01 1970
12/28/10,01-01-1967,8/14/2014,11-Dec-14,15-06-2011,03-09-2014,May 01 2015
07-12-2011,10/18/1967,10/31/2054,01-Apr-17,14-08-2009,11-03-2012,January 12 2017
05-03-2010,12/13/1965,02-07-2015,01-Jan-70,16-09-2009,11-10-2012,February 04 2016
1/16/11,01-04-1967,1/26/2011,11-Feb-13,15-06-2002,09-07-2011,July 04 2011
3/15/10,10-03-1965,07-01-2015,10-Aug-13,12-12-2004,01-01-2018,January 09 2016
11/29/10,11-12-1966,03-10-2011,06-Aug-18,12-04-2005,08-11-2015,September 05 2012
8/27/12,04/28/1968,01-07-2013,01-Jan-70,11-08-2004,01-01-1970,April 12 2016
6/23/10,02/21/1966,5/20/2014,01-Jan-70,11-09-2001,07-08-2014,June 04 2014
06-05-2011,09/13/1967,09-03-2011,09-Mar-14,17-02-2011,08-12-2015,May 03 2017
07-12-2011,10/26/1967,2/13/2012,01-May-13,12-02-2008,06-04-2014,December 01 2014
08-03-2010,04-03-1966,10/25/2012,04-Feb-12,12-04-2004,03-10-2014,March 09 2011
10/22/08,06-02-1965,3/28/2015,06-Apr-16,70-01-1,03-04-2013,March 11 2014
6/21/09,07/15/1965,10/31/2168,03-Oct-11,17-03-2004,01-01-1970,January 01 1970
12-05-2010,11/22/1966,8/24/2014,02-Mar-13,11-12-2012,04-09-2015,August 11 2015
10/31/10,08/15/1966,03-12-2011,01-Jan-70,11-02-2004,03-10-2018,May 07 2012
11/13/09,08/13/1965,12-04-2015,07-Feb-15,15-03-2012,09-03-2012,October 12 2011
5/15/11,07/22/1967,10/31/2031,06-May-11,13-07-2002,04-10-2012,June 11 2015
4/26/11,05/21/1967,1/29/2010,03-May-17,14-03-2002,11-12-2017,March 08 2014
5/23/11,08/26/1967,12-07-2013,09-May-16,11-12-2003,01-01-1970,August 07 2017
05-02-2011,06/23/1967,10/31/2197,07-Aug-13,18-03-2010,02-12-2014,September 11 2016
11/17/07,02/18/1965,10/24/2010,09-Jan-16,70-01-1,10-11-2013,August 11 2012
4/25/11,05-11-1967,12/31/2010,03-Jan-18,10-03-2012,07-10-1937,July 02 2012
4/29/08,03/22/1965,2/23/2014,07-Apr-16,70-01-1,02-09-2011,June 03 2017
4/26/11,05/20/1967,1/26/2015,08-Mar-13,14-10-2009,07-02-2011,November 02 2015
8/19/10,04-12-1966,6/23/2015,06-Nov-12,11-10-2005,02-10-2017,May 07 2017
4/22/12,03-10-1968,10/31/2108,03-Feb-12,10-06-2008,06-12-2012,April 11 2011
07-09-2008,04-09-1965,4/16/2011,10-Nov-11,70-01-1,10-02-2016,August 03 2011
7/30/11,11/26/1967,07-05-2012,03-Apr-11,11-06-2010,08-01-2011,December 03 2011
06-06-2011,09/15/1967,1/14/2015,01-Jan-70,15-08-2011,01-01-1970,July 09 2015
9/30/10,06/27/1966,2/19/2016,05-Nov-16,18-06-2007,01-01-1970,December 07 2012
10/13/07,02-07-1965,07-02-2014,04-Aug-17,70-01-1,03-03-2014,May 12 2014
12-07-2011,01/29/1968,10/31/2049,10-Jul-25,18-01-2008,07-10-2013,April 02 2014
7/23/10,03-08-1966,5/16/2014,11-Nov-14,11-02-2006,09-06-2017,January 01 2014
4/28/11,05/29/1967,11-09-2012,01-Jan-70,10-02-2004,12-09-2017,November 01 2012
11-04-2010,08/22/1966,10/31/2053,09-Feb-18,12-02-2001,07-04-2013,January 01 1970
12-07-2010,11/26/1966,01-06-2017,10-Mar-16,13-05-2002,11-02-2015,November 09 2015
3/26/11,02/19/1967,3/31/2011,01-May-15,13-02-2011,02-02-2017,April 07 2011
9/21/09,08-03-1965,7/14/2014,01-Jun-16,17-12-2009,11-11-2014,November 04 2015
04-07-2010,11-06-1965,1/15/2016,06-Jan-17,13-01-2002,02-02-2014,February 03 2014
07-05-2011,10-11-1967,10/18/2015,09-Feb-13,12-02-2004,01-01-1970,April 03 2015
7/22/08,04-12-1965,9/22/2014,06-May-18,70-01-1,07-10-1930,February 07 2015
7/18/11,11-08-1967,5/13/2010,01-Jan-70,11-05-2003,03-02-2014,July 04 2014
05-07-2013,06/15/1968,11-02-2016,04-Feb-16,12-09-2003,05-04-2014,January 04 2015
12/22/08,06/13/1965,8/24/2014,10-Jul-20,70-01-1,06-07-2014,June 01 2017
9/28/10,06-11-1966,10/31/2172,04-Jul-11,17-06-2008,01-01-1970,April 07 2013
10/31/07,02/15/1965,10/17/2010,12-Feb-10,70-01-1,01-03-2016,January 01 1970
8/19/10,04/13/1966,12-03-2012,04-Jul-14,12-09-2009,09-03-2018,March 09 2013
5/16/10,01/20/1966,9/15/2012,11-Mar-15,12-04-2011,05-02-2014,December 03 2015
07-04-2007,01/29/1965,5/15/2013,03-Sep-14,28-07-2010,02-05-2015,June 08 2015
11-04-2010,08/22/1966,7/27/2010,05-Sep-16,19-01-2007,01-04-2015,March 11 2017
07-03-2011,09/28/1967,08-09-2011,03-Jun-15,17-11-2009,05-08-2012,May 07 2013
5/30/11,09-04-1967,10/31/2151,11-May-16,14-07-2001,11-02-2015,April 03 2017
8/19/10,04/20/1966,10/31/2026,08-Jul-12,13-05-2004,01-11-2014,March 11 2014
5/30/10,02-07-1966,10/31/2140,11-Apr-12,15-03-2009,12-10-2016,February 01 2015
04-05-2011,02/23/1967,1/17/2012,05-Jun-17,12-03-2006,04-11-2016,January 01 1970
7/16/10,03-04-1966,4/20/2015,11-Feb-16,15-06-2007,11-03-2013,April 01 2019
3/28/13,05/28/1968,5/30/2012,08-Sep-10,10-09-2011,06-10-2012,January 02 2014
05-04-2010,01-05-1966,9/13/2011,06-Feb-12,11-12-2008,06-03-2015,February 08 2018
5/18/11,08/13/1967,3/21/2017,04-May-10,12-03-2005,01-03-2018,October 01 2014
2/20/13,05/25/1968,6/28/2011,11-Jun-15,11-10-2011,08-02-2018,October 12 2012
11/20/10,09/15/1966,10/16/2012,10-Jul-22,12-05-2009,01-01-1970,November 09 2013
11-05-2010,08/23/1966,06-08-2011,10-May-11,11-04-2011,05-02-2011,March 04 2016
4/15/11,03/20/1967,04-07-2013,06-Nov-17,15-04-2009,01-11-2015,November 07 2014
02-06-2010,09/17/1965,6/30/2013,12-May-10,12-12-2003,02-06-2010,April 09 2013
11/27/10,10/29/1966,1/16/2017,01-Jan-70,12-03-2007,04-05-2012,July 10 2031
11/27/10,10-08-1966,10/31/2193,02-Mar-14,17-03-2008,01-01-1970,January 01 1970
8/18/08,04/27/1965,08-03-2011,12-Sep-15,70-01-1,10-07-2013,February 03 2017
05-09-2010,01-11-1966,9/26/2016,06-Feb-11,18-06-2004,01-09-2015,January 01 1970
5/15/13,06/19/1968,10/31/2019,12-Jun-12,14-05-2002,03-03-2018,January 01 1970
4/18/10,11/18/1965,12/23/2016,03-Aug-16,12-06-2010,03-10-2010,November 05 2014
3/21/10,10-12-1965,3/27/2013,01-May-12,15-09-2002,01-02-2012,April 10 2015
03-09-2012,02/25/1968,1/23/2011,10-Apr-18,14-11-2005,08-07-2017,February 11 2016
09-11-2009,07/28/1965,12/20/2014,08-Apr-16,16-04-2003,04-01-2014,August 05 2014
4/14/09,06/22/1965,11-02-2013,03-Feb-17,70-01-1,10-06-2012,December 08 2011
09-10-2010,05/25/1966,8/30/2014,04-Mar-13,16-02-2006,11-04-2013,October 11 2013
4/20/08,03/19/1965,09-07-2015,03-Feb-15,70-01-1,07-12-2013,July 05 2015
07-07-2011,10-12-1967,10/24/2014,09-Dec-13,14-06-2001,01-01-1970,January 07 2015
10-01-2010,07-01-1966,9/14/2010,02-Jun-18,16-05-2005,02-08-2014,November 12 2017
10/20/09,08-12-1965,3/14/2012,10-Aug-13,17-01-2012,01-01-1970,February 09 2018
8/17/08,04/26/1965,10/31/2101,01-Jan-70,70-01-1,01-01-1970,March 03 2014
5/30/10,02-09-1966,5/17/2014,09-Nov-12,14-01-2001,10-08-2012,January 10 2010
11/29/10,11-05-1966,9/25/2013,01-Jan-70,13-01-2002,07-04-2013,April 07 2017
11/29/10,11-10-1966,10-01-2010,03-Nov-15,16-08-2002,04-06-2014,March 09 2012
8/19/10,04/20/1966,10/31/2092,07-Jan-12,13-05-2001,05-04-2016,April 10 2012
11/18/10,09-12-1966,04-08-2011,03-Apr-18,15-05-2005,04-06-2015,February 07 2015
9/13/10,05/28/1966,6/16/2016,11-Jan-15,16-09-2009,02-11-2016,December 07 2016
06-02-2008,03/31/1965,2/28/2012,10-Jun-11,70-01-1,01-01-1970,April 03 2016
09-05-2007,02-04-1965,9/25/2014,09-Mar-14,70-01-1,09-09-2015,February 04 2012
4/21/11,04-05-1967,1/13/2015,08-Oct-12,11-05-2007,11-06-2011,October 08 2011
10/18/08,05/25/1965,9/29/2014,11-Jan-14,70-01-1,05-06-2011,May 05 2016
12/22/10,12/23/1966,7/23/2014,07-Apr-13,15-04-2012,08-07-2013,January 01 1970
09-04-2008,05-12-1965,5/31/2013,07-Jan-19,70-01-1,12-03-2015,July 10 2033
03-03-2011,01/17/1967,06-03-2010,01-Jun-14,15-01-2009,01-01-1970,May 01 2012
7/29/10,03/22/1966,03-04-2017,11-Jun-15,15-12-2008,03-07-2012,January 04 2015
5/13/13,06/17/1968,04-03-2017,10-Mar-12,17-10-2012,06-10-2016,October 02 2016
5/17/09,07-06-1965,01-07-2017,08-Jan-12,15-04-2005,05-07-2011,June 02 2018
12/13/09,08/17/1965,01-09-2014,01-Jun-13,11-02-2009,01-01-1970,September 11 2013
05-12-2011,07-10-1967,10/28/2016,08-Jul-17,10-04-2003,03-09-2013,June 06 2017
1/17/13,05/22/1968,2/24/2017,01-Jan-70,19-04-2001,11-09-2017,January 01 1970
06-01-2008,03/30/1965,9/13/2014,08-Apr-13,70-01-1,02-07-2014,January 01 2013
5/16/11,07/26/1967,6/22/2013,01-Jan-70,10-08-2011,01-01-1970,April 06 2010
04-10-2011,03-04-1967,10/31/2133,06-Apr-11,14-10-2001,06-10-2016,January 01 1970
04-09-2011,03-02-1967,11/21/2011,04-Feb-13,10-10-2008,01-01-1970,November 04 2010
05-01-2011,06-03-1967,1/29/2016,02-Apr-13,18-08-2001,07-06-2016,February 01 2014
1/16/13,05/21/1968,5/24/2014,07-Jun-18,14-11-2011,09-11-2012,October 10 2014
11-04-2011,01-04-1968,11-05-2014,01-Aug-11,17-05-2007,03-08-2017,September 08 2010
03-05-2008,03-05-1965,1/30/2011,01-Jan-70,70-01-1,02-07-2015,March 03 2017
5/25/11,08/30/1967,12-09-2014,03-Apr-15,15-09-2002,07-03-2013,January 01 1970
03-02-2011,01/13/1967,2/17/2015,01-Jan-70,14-05-2006,01-01-2013,June 06 2017
12/22/10,12/31/1966,4/29/2012,02-Mar-13,13-05-2003,01-01-1970,January 01 1970
9/17/07,02-06-1965,11/18/2014,10-Jul-19,70-01-1,01-07-2015,March 03 2014
05-02-2010,11/23/1965,3/16/2017,11-Mar-12,15-08-2005,08-11-2015,February 08 2014
10-11-2007,02-06-1965,2/19/2010,10-Jul-23,70-01-1,12-03-2011,March 01 2013
12/20/10,12-10-1966,11-08-2016,08-May-15,15-12-2008,04-02-2015,July 05 2015
9/29/10,06/21/1966,3/28/2014,06-Feb-17,17-08-2002,08-10-2013,November 10 2012
4/24/11,04-12-1967,10/31/2059,07-Oct-15,12-02-2005,07-09-2012,January 01 1970
02-05-2010,09-12-1965,05-08-2014,06-Jun-15,13-01-2002,06-05-2017,January 01 1970
9/18/12,05-11-1968,3/20/2016,12-Dec-13,16-08-2010,07-01-2013,June 06 2015
4/13/11,03/17/1967,05-01-2015,01-Oct-14,11-06-2009,10-09-2012,July 10 2017
3/30/10,10/23/1965,4/19/2012,01-Jan-70,17-03-2005,01-01-1970,August 04 2017
12-07-2010,11/28/1966,10/27/2016,10-Jul-14,11-03-2009,01-07-2012,October 02 2014
05-05-2010,01-11-1966,10/31/2122,10-Feb-13,17-08-2004,04-04-2019,February 11 2016
1/16/13,05/21/1968,11-04-2011,01-Jan-70,13-02-2010,01-01-1970,November 02 2015
5/30/11,09-07-1967,01-01-2014,12-Nov-17,18-02-2009,02-04-2016,July 09 2014
05-03-2010,12/28/1965,09-09-2015,06-Jan-13,15-07-2001,02-10-2013,February 04 2011
12/13/11,01/30/1968,9/21/2015,07-Jul-11,18-05-2012,01-01-1970,February 06 2016
05-08-2011,06/28/1967,9/29/2013,01-Jan-70,15-07-2009,06-04-2010,May 07 2013
